state,dist_name,address,email,telephone,state_code
Andhra Pradesh,AUROBINDO DRUGS,"D.NO:8-72, BLOCK-IIPRASAD PLAZA,KAMAIAHTHOPU CENTER,M.G.ROADVIJAYAWADA,VIJAYAWADA,520007",aurobindodrugs@gmail.com,0866-3202242,AP
Andhra Pradesh,BALAJI MEDICAL CORPORATION,"9-10-51A, D.S BUILDINGSNAAZ CENTREGUNTUR 522 001,GUNTUR,522001",bmcguntur1@gmail.com,9849828896,AP
Andhra Pradesh,AUROBINDO DRUGS (GNT),"D.NO:8-72, BLOCK-IIPRASAD PLAZA,KAMAIAHTHOPU CENTER,M.G.ROADVIJAYAWADA,VIJAYAWADA,520007",aurobindodrugs@gmail.com,0866-3202242,AP
Andhra Pradesh,KRANTHI MEDICAL AGENCIES,"OLD GOVT HOSPITAL ROAD,BEHIND AMBETHKARSTATUEONGOLE,ONGOLE,523001",pcsr79@yahoo.com,9246472006,AP
Andhra Pradesh,PARAMOUNT MEDICAL AGENCIES,"30-8-7, BHANUSTREETDABAGARDENSVISAKHAPATNAM,VISAKHAPATNAM,530020",paramountmedicalagencies@gmail.com,9849112421,AP
Andhra Pradesh,AUROBINDO DRUGS (VSP),"DOOR NO. # 47-1-111/16th LaneDwarakNagarVISAKHAPATNAM,Visakhapatnam,530016",aurobindodrugs@gmail.com,9849595908,AP
Andhra Pradesh,VARDHMAN SPECIALITIES,"30 11 19 2FLAT NO 101 102GROUND FLR SHREE SUBHADRA CASTLELAKSHMISTREETDABA GARDENS,VISAKHAPATNAM,530020",vardhmanvizag@gmail.com,9849185987,AP
Andhra Pradesh,KALYANI HEALTH PLUS,"Door No.152/1JAYANAGAR COLONYNEAR BAIRAGIPATTEDAPARK,TIRUPATHI,517501",kalyanihealthplus@gmail.com,9920124208,AP
Andhra Pradesh,ALARIC ENTERPRISES,"DOOR NO 12/570 CELLORE BESIDE 3RD LIFTSOWMYA NAGAR NEARVARADHITADEPALLIMANGALAGIRI,MANGALAGIRI,522501",,9989011088,AP
Assam,MODERN PHARMA COMPANY,"DANISH ROADPANBAZARGUWAHATIASSAM,GUWAHATI,781001",arvindbajaj123@gmail.com,0361-2546361/2544519,AS
Assam,A.S. PHARMA PRIVATE LIMITED (T),"TULSI HARI BHAWANGMCH, BIRUBARI RDRUPNAGAR, INDRAPURGUWAHATI,ASSAM,GUWAHATI,781032",aspharmaghy@gmail.com,9971399708,AS
Assam,APOLLO PHARMACEUTICALS,"249 A K AZAD ROADGOPINATH NAGARGUWAHATIASSAM,GUWAHATI,781016",choudhurygroup@yahoo.co.in,,AS
Bihar,K. V D. AGENCIES,"GOVIND MITRA ROADPATNAPATNAPATNAPATNA,PATNA,800004",rkeshri69@gmail.com,0612 - 2301980,BR
Bihar,KING ENTERPRISE PATNA,"KOHINOOR COMPLEXBESIDE SHALIMAR COLDSTORAGEANISABAD,PATNA,800002",kingenterprise2013@gmail.com,2254045,BR
Bihar,NEW PURAN MEDICAL AGENCY,"SARRAF PALACE, GOVIND MITRA RDP.O. BANKIPUR, P.S.PIRBAHORE,PATNA,800004",newpuranmedagency@gmail.com,9431063952,BR
Bihar,KESAR VACCINE DISTRIBUTORS (ONCO),"OPP UDAY PALACEGOVIND MITRA RD.,PATNA,800004",rkeshri69@gmail.com,2301463,BR
Bihar,SHREE SALASAR BALAJI AGENCY,"KHEMKA HOUSEASHOK RAJ PATH,PATNA,800004",rahulkhemka7@gmail.com,9709300131,BR
Chandigarh,GURU NANAK MEDICOS (P) LTD.,"S.C.O.,290SECTOR 35 - DCHANDIGARH,CHANDIGARH,160022",gnmpl@yahoo.com,0172-2602085 5007085,CH
Chandigarh,M/s. Halcyon Pharmaceuticals,"SCO 134, GROUND FLOOR,BACKSIDE ENTRY,SECTOR 24D,,Chandigarh,160023",halcyonpharmaceuticals@gmail.com,9855732277,CH
Chandigarh,"A S Pharma Pvt. Ltd., Chandigarh","SOC- 35, 2nd Floor,Sector 16 D,Chandigarh,160023",aspharmachd@gmail.com,0172-5194450,CH
Chandigarh,FAMILY CHEMISTS,"S.CO. NO. 5SECTOR 11 DCHANDIGARH,CHANDIGARH,160011",,5055455,CH
Chhattisgarh,JAIN MEDICAL STORES RAIPUR,"28,29 NEW MEDICAL COMPLEXRAJBANDHA MAIDANRAIPUR,RAIPUR,492001",raipurjms@gmail.com,8839670706,CG
Chhattisgarh,KUMAR MEDICOSE,"SHOP.NO.1- OLD MEDICAL COMPLEX,G.E.ROAD,RAIPUR,RAIPUR,492001",sanjaykrawats@gmail.com,9827110901,CG
Chhattisgarh,LAXMI MEDICAL AGENCY,"42-44, MEDICAL COMPLEXG.E. RDRAIPUR,RAIPUR,492001",lmaraipur@gmail.com,94252507777000042458,CG
Chhattisgarh,MELARAM & BROTHERS,"BUS STAND ROADBILASPUR,BUS STAND ROAD BILASPUR,495001",melarambrothers.bsp@gmail.com,9827165765,CG
Chhattisgarh,PRAMOD MEDICAL AGENCY,"G.F, 1st & 2nd Floor, Ward No. 12,Sheet No 42, Plot No. 104 2,Bid para , Mastagali,ANATHALAYA PARISHAR RAIGARH,496001",pramodmedicalraigarh@gmail.com,07762-2327409425250340,CG
Chhattisgarh,RATHI MEDICAL AGENCIES,"HIG- C1 & C2HOUSING BOARD COMPLEXOPP. TO NEW BUS STAND,HOUSINGBOARD COMPLEX DUR,491001",rathimedical@yahoo.com,9425552481,CG
Chhattisgarh,SADHANA MEDICO TRADERS,"6,MEDICAL COMPLEX,G.E.ROAD,RAIPUR (C.G),RAIPUR,492001",sadhanamedico@gmail.com,0771-40444329329106333,CG
Chhattisgarh,SHYAM & SONS,"6,MEDICAL COMPLEXTELIPARABILASPURX,BILASPUR,495001",shyamsonsbsp@gmail.com,0775240396842097994252-,CG
Chhattisgarh,UNITED MEDICAL AGENCY,"34, MEDICAL COMPLEXG.E. ROADRAIPURRAIPUR,RAIPUR,492002",unitedryp@gmail.com,0771-22345059755755555,CG
Chhattisgarh,JAI MEDICAL AGENCIES,"G.E.ROADSHOP NO.15 OLD MEDICAL COMPLEX,RAIPUR,492001",JAI.RYP@GMAIL.COM,9826901000,CG
Chhattisgarh,KHATRI MEDICAL AND SURGICALS,"SHOP NO.40-41 GROUND BASEMENT1ST , 2 ND ,3RD , 4TH & 5TH FLR,OLDMEDICAL COMPLEXG.E.ROAD WARD NO. 36RAJBANDHA",khatriraipur@gmail.com,7714025924,CG
Chhattisgarh,KHATRI MEDICAL AND SURGICALS(Apollo,"SHOP NO.40-41 GROUND BASEMENT1ST , 2 ND ,3RD , 4TH & 5TH FLR,OLDMEDICAL COMPLEXG.E.ROAD WARD NO. 36RAJBANDHA",khatriraipur@gmail.com,7714025294,CG
Chhattisgarh,Dinesh Medical Stores Pvt.. Ltd,"NEAR NAHAR NAKASIHAWA RD,DHAMTARI,493773",,,CG
Chhattisgarh,Sanjeevani Pharma Distributors Pvt.,"SECTOR B, 125 A, INDUSTRIAL AREASIRGITTIBilaspur,BILASPUR,495001",,4023253917,CG
Chhattisgarh,SUYASH AGENCIES,"Shop No 58 910073-SUYASH AGENCIESAushadhiVatikaDumartaraiRaipur,RAIPUR,492001",,9826685444,CG
Dadra and Nagar Haveli and Daman and Diu,LIFE LINE MEDICAL AGENCY,"4, CITY CENTEROPP. UNION BANK OF INDIASILVASSA,SILVASSA,396230",lifeline.silvassa@gmail.com,9825085033,DD
Delhi,BRITISH MEDIDEALS,"B-46, LAWRENCE ROAD,INDUSTRIAL AREADELHI.,DELHI,110035",SAWHNEYKUNAL@YAHOO.COM,47046623 9810699965,DL
Delhi,GAUTAM ENTERPRISES,"WZ-69B, MUKHERJEE PARKTILAK NAGARNEW DELHINEW DELHI,DELHI,110018",gautamenterprises67@gmail.com,011-25982030 9868124105,DL
Delhi,LUCKY PHARMACEUTICALS PVT. LTD.,"BASEMENT PLOT NO - F 26/3,OKHLA PHASE - IINEW DELHINEWDELHI,DELHI,110020",lpplbhogal@gmail.com,4324993 FAX 4311865,DL
Delhi,SUNNYCO,"E-99-98-81, (LGF),LAJPAT NAGAR 1,DELHI,110024",sunnyco99@bol.net.in,98997887079899788709,DL
Delhi,AAR AAR Healthcare,"18, BASEMENT SANT NAGAREast of KailashGreater Kailash (50),New Delhi,110065",info@aaraarhealthcare.com,8826929090,DL
Delhi,AAR AAR Healthcare (South),"18, BASEMENT SANT NAGAREast of KailashGreater Kailash (50),NEWDELHI,110065",info@aaraarhealthcare.com,8826929090,DL
Delhi,NOVACARE HEALTHCARE SOLUTIONS Pvt.,"Mayapuri Industrial AreaA 7 2nd FloorPhase IINew Delhi,Delhi,110064",,8860074107,DL
Delhi,Pharma Cube,"144, 1st Floor, Lal Dora Extn,Amberhai Village, Sector -19, Dwarka,New Delhi,110075",pharmacube8@gmail.com,011-28043949,DL
Delhi,A. S. PHARMA Pvt. Ltd ( MAX ),"E-47/10 Ground FloorPhase -2Okhla Industrial Area Phase IINew DelhiNewDelhi,DELHI,110020",santoshdudeja1@gmail.com,9810424353,DL
Delhi,SANJEEVANI ENTERPRISES (EAST) DLH,"86 A, Hall No 2, 3rd FloorKH No 204 - 2, Village Chandrawali,Jagat Puri, Main 100 FTRoad, Shahdara,Delhi,110093",,,DL
Delhi,IMPEX HEALTHCARE Pvt. Ltd.,"B-6/5, Ground Floor,Okhla Indl. Area, Ph -2,New Delhi,110020",ho@impexgoc.com,49057606,DL
Delhi,AARK PHARAMACEUTICALS,"S-14, FIRST FLOORGREEN PARK EXT (MARKET),NEW DELHI,110016",dheerajaarkpharma@gmail.com,011-26520130-32,DL
Delhi,A S Pharma Pvt Ltd,"E-47/10 OKLA PHASE -2HOKHLA INDUSTRIAL AREAOKLA PHASE -2HPHASE2,New Delhi,110020",as.pharma@rediffmail.com,9810424353,DL
Delhi,"R K PHARMA, YUSUF SARAI, Delhi","60/2 FIRST FLOORYUSUF SARAI,NEW DELHI,110016",rkpharma88@gmail.com,9812235550 9810235550,DL
Delhi,NARULA ASSOCIATES,"Rajendra Sunehari bhawanC 1 Block Plot No. 6,Janak puri,NEW DELHI,110058",narulaassociates1996@yahoo.com,011-25504849 011,DL
Delhi,"LUCKY PHARMACEUTICALS, APOLLO","Basement F-26/3,PHASE -IIOKHLA INDUSTRIAL AREANEW DELHI,NEWDELHI,110020",lppldelhi@yahoo.in,011-49837500,DL
Delhi,NARANG BIOTEC PVT. LTD,"Plot No.3966, Roshnara RdOpposite Palace CinemaNear Pulbangash metrostation,DELHI,110007",narangbiotec@gmail.com,9310014268,DL
Delhi,NOVACARE HEALTHCARE SOLUTIONS DELHI,"A-7, 2nd FloorMayapuri, Industrial AreaPhase-IITal . Hari Nagar 28,NEWDELHI,110064",delhi@novacare.in,8860074107,DL
Delhi,NARANG BIOTEC PVT. LTD,"Plot No.3966, Roshnara RdOpposite Palace CinemaNear Pulbangash metrostation,DELHI,110007",narangbiotec@gmail.com,9310014268,DL
Goa,E C AGENCIES,"SHOP No. 12, BLDG. A,DATTA GIRI APTS.,VARDE VALAULIKAR ROAD, MARGAO,SALCETTE,,MARGAO,403601",normandasilva@hotmail.com,832273411,GA
Goa,SAMBARI ENTERPRISES,"""""""GAJANAN""""""OPP TO LITTLE PRIMARY SCHOOLMURIDA ROAD,FATORDAGOA,FATORDA,403602",jyoti@sambarienterprises.com,27499282749929,GA
Gujarat,ANGI AGENCY,"GF-39,STATION ROADSHIVGANGA COMPLEXBALVA,AHMEDABAD,382220",angi.agency@gmail.com,9825931530,GJ
Gujarat,A.B.C. DISTRIBUTORS,"401/402/403SURAT DAWA BAZARVASTADEVDIRDKATARGAMSURAT,SURAT,395004",abc.sureshramani@gmail.com,9825861920,GJ
Gujarat,AMAR ENTERPRISE,"IST FLOOR, MINAL SHOPPING CENTRESUMAIR CLUB RD,JAMNAGARTELE 02882557207 2550151(R)02882563127,JAMNAGAR,361005",amarenterprise100@yahoo.com,288-2557207/6455001,GJ
Gujarat,ANKUR DISTRIBUTORS,"8. A TO Z, SUPER MARKET,MEMON MARKET COMPLEX,STATIONROADKALOL,KALOL,382721",jlallubhai123@gmail.com,02762 -221487 02762 -221,GJ
Gujarat,AMEE ENTERPRISE,"B/H. GUJRATI KUMAR SHALA NO 1SHIYAPURAROAPURA, BARODABARODA 390001,BARODA,390001",ameeeterprise1989@yahoo.com,0265-2432244,GJ
Gujarat,BHAKTI CORPORATION,"19, GAJJAR CHAMBERSDETROJ RDKADI - 382 175(B.K. TO. S S C),KADI,382175",bhakticorpo@gmail.com,02765-292132,GJ
Gujarat,B M PHARMA,"A/65, 1ST. FLOORKILACHAND SHOPPING CENTERPATAN-384 265,PATAN,384265",bmpharmapatan@gmail.com,02766-233624,GJ
Gujarat,BELA DRUG CENTRE,"BASEMENT , NATRAJ COMPLEX,OPP, L.G. HOSPITAL,MANINAGAR,AHMEDABADPH-079 25465389,25462935,AHMEDABAD,380008",beladrug@gmail.com,93288 22228 (BHAVINBHAI),GJ
Gujarat,CHANDRAMAULI AGENCIES,"G-1, SUKHSHANTI COMPLEX,KALANALA.BHAVNAGAR (GUJARAT),BHAVNAGAR,364001",kaushalmehta1976@gmail.com,0278-2515775 3290345,GJ
Gujarat,DHRUVI PHARMA PVT. LTD.,"KTC HOUSE,SHAYONA SILVER ESTATE PART -2S G ROAD, GOTANEARLAMBADA BESIDE AUDA WATER TANKBH SILVER OAK",ahm@dhruvipharma.com,079- 40055601602603,GJ
Gujarat,DEEP DISTRIBUTORS,"POST BOX NO. 51 , NEHRU STREETVAPI,VAPI,396191",deepmedical@yahoo.com,9825127704,GJ
Gujarat,DESAI MEDICAL STORE,"SHOP NO.26GROUND FLRMARUTI NANDAN COMPLEXMANDAL Rd.VIRAMGAMVIRAMGAM,VIRAMGAM,382125",desaimedicalstores@gmail.com,0271-533853-9825037319,GJ
Gujarat,ARIHANT FINE PHARMA AGENCY,"MISTRY BUILDINGM.G.ROAD,BILIMORA,BILIMORA,396321",jivandharapharma@gmail.com,9377752557,GJ
Gujarat,GUJARAT MEDICINES,"F-48 TIRUPATI MARKETNEAR BUS STAND,SIDDHPUR,SIDDPUR,384151",gujrat.vinod@gmail.com,9925150320,GJ
Gujarat,GURUKRUPA MEDICAL AGENCY,"Y.K PALACE ,LUHARPOLEMACHALLIPITHSHAHPORESURAT,SURAT,395003",gurukrupaa87@yahoo.com,0261-24117632402655,GJ
Gujarat,JAY DISTRIBUTORS,"JAIN STREETVAPI,VAPI,393191",jdvapi@gmail.com,9825129112,GJ
Gujarat,JOSHI BROTHERS,"PROPERTY NO. 12/1702ND FLOOR,HEALTH POINT COMPLEXBEHIND MEHTAPETROL PUMPGIRDHARNAGAR,HIMATNAGAR,383001",amitjoshibrothers@gmail.com,(02772)40876,GJ
Gujarat,KRISHNA MEDICAL AGENCIES,"A/2,CHANDRAVILA APPARTMENTSNR. DR. BHAKKAS CLINIC,VANKIBORDI,SAIYEDPURA,SURAT,SURAT,395003",krishnamedicalagencies1992@gmail.com',0261-24259232454585,GJ
Gujarat,K RAJ & CO.,"12/1148, 1ST FLOORRAZAK BAND LANE,DAR-E-ELAAF,LUHARPOLE,SHAHPORE,,SURAT,395003",k.raj.co.surat@gmail.com,2612438769,GJ
Gujarat,K.B. SHAH & CO.,"K.B. HOUSE, OPP. ANUPAM CINEMA,KHOKHARAAHMEDABADMOB 9824011525,9824041070,,AHMEDABAD,380001",khokhra@kbshah.com,079 22936616/17,GJ
Gujarat,KOTECHA ENTERPRISE,"DHANRAJ,DR. RADHAKRISHNA ROAD,RAJKOTRAJKOT,RAJKOT,360001",kotechaent@yahoo.com,281-2450230/6539330,GJ
Gujarat,K. CHIMANLAL & CO,"G/15,NEW MADHUPURA MARKETNR, POLICE COMMISSIONEROFFICESHAHIBAUGAHMEDABAD,AHMEDABAD,380004",bhaveshkc@gmail.com,25627071/72,GJ
Gujarat,MAHARAJA AGENCIES,"18,BAHUBALI COMPLEXB/H PILL GARDEN,BHAVNAGARTELE-0278-26017F-24,BHAVNAGAR,364001",maharajadistributor@gmail.com,0278 - 2436017,GJ
Gujarat,JASMINE CORPORATION,"JASMINE CORPORATION10,SAMARTH RAMAJI DHARMASHALA1 ST FLOOR,STATION ROAD,HIMATNAGAR,HIMATNAGAR,383001",jasmine245404@gmail.com,02772-245404/244273,GJ
Gujarat,NARMADA MEDICAL AGENCY,"FALSHRUTINAGAR,NEAR PLAMLAND HOTEL,STATIONROAD,BHARUCH,BHARUCH,392001",narmadamedicalagency@gmail.com,02642-2225419879454187,GJ
Gujarat,NATIONAL PHARMA DISTRIBUTORS,"EAST WING 3RD FLOOR,J.B.COMPLED OPP.NEW BUSSTANDJUNAGADH,JUNAGADH,362001",nationalpharma444@gmail.com,0285-263420326306869428,GJ
Gujarat,PARIKH MEDICAL AGENCIES,"GROUND FLOORALANKAR CINEMA RDNR. SPINWELLIND.SURENDRANAGAR,SURENDRANAGAR,363001",doshinilesh99@gmail.com,02752-220010,GJ
Gujarat,PHARMAKEM,"SHREEJI COMPLEX,OPP.OLD BUS STATIONJUNAGADH.,JUNAGADH,362001",pharmakem1992@gmail.com,9825222370,GJ
Gujarat,RUSHABH MEDICAL AGENCY,"RADHEY COMPLEX,NR. CHHATRI CHOWK,STATION ROAD,BOTAD,BOTAD,364710",RUSHABHMEDICALAGENCEY@GMAIL.COM,02849-253878,GJ
Gujarat,RELIEF PHARMA DISTRIBUTORS,"14, VASANT PHARMA COMPLEXPANCHRATNAAMIRROAD,PALANPURPALANPUR,PALANPUR,385001",rreliefpharma@gmail.com,9429972220,GJ
Gujarat,ROYAL DISTRIBUTORS,"301 TO 305 3RD FLOORSURAT DAWA BAZAARB/H KIRAN HOSPITAL, VASATDEVDI RDKATARGAMSURAT,SURAT,395004",svk_royal@yahoo.in,9825956301,GJ
Gujarat,SAURASHTRA SURGICAL MEDICAL AGENCY,"MAITRI OPP.TALUKA SCHOOLNR.MOTI TANKI,P.O.BOX123RAJKOT,RAJKOT,360001",rajkotssma@gmail.com,9825223432,GJ
Gujarat,SHREE NAVDURGA MEDICAL AGENCY,"BASEMENT,AKASH GANGA APPTNR. DR. BHACCA DISPENSARYWANKI BORDI,SAIYEDPURA,SURAT,SURAT,395003",navdurgamedical@gmail.com,2613292807,GJ
Gujarat,SHREE SARSWATI MEDICAL AGENCIES,"12/1781, 1782/A, Basementvakil street, shahporeopp. Motiwala masjidHanapark,SURAT,395003",krunal_ghayel@yahoo.co.in,26222434290,GJ
Gujarat,SHAH & KOTHARI BROTHERS,"1 NEPTUNE TOWER,OPP.NEHRU BRIDGE,ASHRAMROADAHMEDABAD,AHMEDABAD,380009",shah.kothari@gmail.com,65846196583006982503666,GJ
Gujarat,SHREE TIRUPATI ENTERPRISE,"33, AKAR COMPLEX1ST FLOOR, S.T.ROAD,VERAVALF 45,VERAVAL,362265",,9426924999,GJ
Gujarat,S P PHARMA AGENCY,"1ST FLOORNR.SANTRAM CO.OPP.BANK,OPP.GHANTAKARNA COMLEX, GUBJBAZAR,NADIAD,NADIAD,387001",spphama_nadiad@yahoo.com,0268 2552283,GJ
Gujarat,VAIBHAV SALES,"PUSHPAK', UPALI BAZARBARDOLI,BARDOLI,394601",vardhman_vaibhav@yahoo.com,2622221094,GJ
Gujarat,SURAJ ENTERPRISE,"DR.RADHAKRISHNA ROAD,NR. MOTI TANKI,RAJKOT,RAJKOT,360001",surajent.rajkot@gmail.com,281-2449826,GJ
Gujarat,SHREERAJ MEDICAL AGENCY,"SMURTI BUILDING 'SIYAPURA, RAOPURABARODA 390 001,BARODA,390001",shreeraj_ma@yahoo.co.in,0265 - 438768,GJ
Gujarat,SAIBABA DISTRIBUTORS,"OPP.BOKA COMPLEX,GANJROAD,DHANERADIST.BANASKANTHA,DHANERA,385310",hitenbhimani007@yahoo.com,MO9427536091,GJ
Gujarat,TRUST PHARMA DISTRIBUTION,"1 ST FLOOR,ASHA SHOPPING CENTER,SHRINAGAR,IDAR-383 430,IDAR,383430",trustpharma.idar@gmail.com,02778 - 253515,GJ
Gujarat,UMIYA PHARMA DIST.,"223, NEELKANTH COMPLEX,OPP, CIRCUIT HOUSE, STATIONROAD,DEHGAMDEHGAM,AHMEDABAD,382325",mehta.purav18@gmail.com,93271989899662905494,GJ
Gujarat,VIKRAM MEDICAL AGENCIES (KLP),"NAVLIWALA BUILDINGSTATION ROAD,ANANDBOOK TO V V NAGAR F27,ANAND,388001",vikrammedicalagency@gmail.com,9825324372,GJ
Gujarat,ROYAL AGENCY,"B-2, MUNICIPAL SHOPPING CENTRE,MAYFAIR ROAD, ANAND388001,ANAND,388001",royalanandb@gmail.com,9879313346,GJ
Gujarat,YERA MEDICAL AGENCY,"PLOT NO-294, BASEMENT B-1,""""""ABHINANDAN APPARTMENT""""""OPP, CHURCH,SECTOR 23GANDHINAGAR,GANDHINAGAR,382023",yeramedical@gmail.com,9824419220948640791,GJ
Gujarat,PALAK MEDICAL AGENCY,"1, SHREE SAI COMPLEX,NEAR MADHWANI CLASSES,B/H. SANSTHAVASAHAT,RAOPURA, BARODA,BARODA,390001",palakagency@gmail.com,0265 24327612415760,GJ
Gujarat,K. R. HOSPITAL CARE,"A-102, SIMANDHAR ESTATE,INCOME TAX, ASHRAM ROAD,OPP. SAKAR-III,,AHMEDABAD,380014",kr_mehta@hotmail.com,079-27545042,GJ
Gujarat,SANTRAM MEDICAL AGENCY,"R/02/121, SHIYAPURA, RAOPURA,VADODARA,390001",santram_agency@yahoo.com,9429136600,GJ
Gujarat,SANJIVANI MEDICINES,"G F TO FIFTH FLOORMILKAT NO 1099, PLOT NO 30 2,C S NO. 1014 2BEHINDSANKET INDIANEAR MAHAGUJARAT HOSPITAL,NADIAD,387001",sanjivanimedicines@yahoo.co.in,02692 - 2550433 2550533,GJ
Gujarat,SHREE AMBICA MEDICAL STORE,"BASEMENT 12/1123-24VANKI BORDI,SHAHPOREDR. BHACCASSTREETMEGHDOOT APARTMENT,SURAT,395003",shreeambica30@rocketmail.com,9374711850,GJ
Gujarat,RELIABLE TRADE CORPORATION,"SHOP NO. 100,NR. RAILWAY GODINARMADA MARKET,,BHARUCH,392001",reliablebharuch@gmail.com,9426387029,GJ
Gujarat,SHREE JAY AMBE MEDICAL AGENCY,"12/2856-A/B,SAIYEDPURA,BASEMENT BIBI NI WADI,SURAT,395003",shreejayambemedical@yahoo.com,0261-2451775,GJ
Gujarat,FORAM DISTRIBUTOR,"12/1086,1087,""TAHID PALACE"",LUHAR POL,MACHHALI PITHOPP..SATI MATAMANDIRNR. GURUKRUPA MEDICAL AGENCY,,SURAT,395003",foramdistributor@yahoo.com,0261-2437887,GJ
Gujarat,TAPI DRUGS HOUSE,"1st Floor, Akarani No. 1348,Ward No. 04,Bethal ColonyAndharwadi Road,HighwayRoad, Vyara,VYARA,394650",modihinesh8@gmail.com,9426870319,GJ
Gujarat,BHOOLA DISTRIBUTORS,"12/1234-35, 1739-BVANKI BORDI MAIN ROAD,TAKSHASHILAAPARTMENT,SHAHPORE,SURAT,395003",bhooladistributors9@gmail.com,9824179071,GJ
Gujarat,PHARMA DISTRIBUTOR,"3-B, CELLER,NEPTUNE TOWER,OPP, NEHRU BRIDGE,,AHMEDABAD,380009",pharmadistributor2016@gmail.com,9979737500,GJ
Gujarat,PAVAN DISTRIBUTORS,"12/703,704 KING PALACECELLER NO. 4 AVANKIBORDIRANITALAVSURAT,SURAT,395003",,,GJ
Gujarat,MAHENDRA MEDICINES,"NALANDA ENCLAVEPRITAMNAGAROPP SUDAMA RESORTELLISBRIDGEAHMEDABAD,Ahmedabad,380006",mahendramedicines@gmail.com,7926576739,GJ
Gujarat,RELIANCE MEDICAPS,"VADI WADIRAOPURA PATIDAR MOHALLABARODA,BARODA,390001",rmplvadodara@gmail.com,9825034579,GJ
Gujarat,O.B. ENTERPRISE,"WORLD BUSINESS HOUSEOPP KRUPA PETROL PUMPNEAR PARIMALGARDENELLIS BRIDGEAHMEDABAD,AHMEDABAD,380015",obenterprise2012@gmail.com,7940305067,GJ
Gujarat,ATC PHARMA PVT. LTD.,"MILKAT NO. 08, 22903 021, 4TH FLOORPATEL COMPLEXPATNIMOHALLAWADIWADI, RAOPURA,BARODA,390001",allied.firoz@gmail.com,265,GJ
Gujarat,MJT PHARMA,"Shop no C 85 & 88,Katira Medical MarketKatira ComplexRTO Relocation SiteMadhaparRd,Bhuj,370001",mjtbhuj@gmail.com,2832,GJ
Gujarat,SHREEJEE DISTRIBUTOR,"153, SHANKHESHWAR COMPLEXESOPP RAYMONDS SHOWROOMNEARKSHETRAPAL TEMPLE,SURAT,395002",rawalfm@gmail.com,23554553,GJ
Gujarat,Yagna Medical Science,"3rd Floor, Omkar - 1Opp. Police Parade GroundGPO LaneRaopura,Vadodara,390001",yagnamedical@yahoo.com,0265-2418955,GJ
Gujarat,SURBHI MEDICAL AGENCY,"POOJA SANKUL, FIRST FLOORSHOP NO 1 AND 2ASTRON CHOWKOPPASHWARY HOSPITAL,RAJKOT,360001",,2812460522,GJ
Gujarat,Relief Drug Agency Bhuj,"Shop No. 45, ''A'' Wing,Katira ComplexR T O Relocation SiteBhujKachchh,Bhuj,370011",rdabhuj@gmail.com,9227626222,GJ
Gujarat,Sanjivani Medicines Pvt. Ltd.,"PLOT NO.30/2,MILKAT NO.1099,CITY SURVEY NO.1014 2,BEHIND SANKETINDIAOPP. HDFC BANK, NEARMAHAGUJARAT HOSPITAL,NADIAD,387001",sanjivanimedicines@yahoo.co.in,919925026371,GJ
Gujarat,O.B.ENTERPRISE,"32, WORLD BUSINESS HOUSEOPP. KRUPA PETROL PUMPNR. PARIMALGARDEN,AHMEDABAD,380015",,40305067-079,GJ
Gujarat,SURBHI MEDICAL AGENCY,"POOJA SANKUL, FIRST FLOORSHOP NO 1 AND 2ASTRON CHOWKOPPASHWARY HOSPITAL,RAJKOT,360001",,2812460522,GJ
Gujarat,Yagna Medical Science,"3rd Floor, Omkar - 1Opp. Police Parade GroundGPO LaneRaopura,Vadodara,390001",,0265-2418955,GJ
Haryana,AGGARWAL MEDICOSE,"CROSS ROAD NO. 1OPP DATTA HOSPITALAMBALA CANTT,AMBALA,133001",aggarwalmedicose.ambala@gmail.com,9467677040,HR
Haryana,CENTRAL MEDICAL AGENCIES,"6, DRUG STREET,CITY THANA ROADHISAR,HISAR,125001",central.med.ag.hisar@gmail.com,1662272619,HR
Haryana,GANDHI MEDICAL HALL,"KACCHA BERI ROAD,ROHTAK,ROHTAK,124001",vickyrohit22@gmail.com,1262236382,HR
Haryana,GYANDEEP ENTERPRISES,"PHARMACEUTICALS DISTRIBUTORS562,GOPI COLONY,OLDFARIDABAD,FARIDABAD,121002",gyandeep562@gmail.com,9811058054,HR
Haryana,LOVELY MEDICAL AGENCY,"CENTRAL BANK STREET,G.T.ROAD, FATEHABAD,FATEHABAD,125050",lovelyagency.fatehabad@gmail.com,9812324494,HR
Haryana,RADHA KISHAN PHARMACEUTICALS,"440/8INDIRA COLONY, KURUKSHETRAMAYA COMPLEX, NEAR ANKUR NURSINGHOME,KURUKSHETRA,136118",ajay.radhakishan@gmail.com,9812026380,HR
Haryana,SANJEEVANI ENTERPRISES,"LOWER GROUND FLOOR, PLOT NO.3VPO. SARHAUL, SECTOR 18NEAR CBIBANKGURGAON,GURGAON,122015",sanjeevanienterprises18@gmail.com,1244540200,HR
Haryana,NOVACARE HEALTHCARE SOLUTIONS P.LTD,"Khewat No. 435/560 & 812/1002khasra No.678 Revenue EstateVillage Khandsa TehsilKadipurKadipurGurugram,Gurugram,122001",ggn@novacare.in,1242316700,HR
Haryana,SANJEEVANI ENTERPRISES (WEST),"LOWER GROUND FLOOR, PLOT NO.3VPO. SARHAUL, SECTOR 18NEAR CBIBANK, GURGAON,GURGAON,122015",,,HR
Haryana,INDIAN PHARMACEUTICALS DISTRIBUTORS,"SHOP NO. 66/7, GROUND FLOORNEAR JHUTRA DHARMSHALLA,HISAR,125001",,1662272265,HR
Haryana,AKSHAR PHARMACEUTICALS (HSR),"145, MARKANDEY COMPLEXSENA NAGAR, DHULKOTAMBALA CITYAMBALACITY,AMBALA CITY,134003",,1714009005,HR
Haryana,AKSHAR PHARMACEUTICALS (YNR),"145, MARKANDEY COMPLEXSENA NAGAR, DHULKOT,AMBALA CITYAMBALACITY,AMBALA,134003",akshar.monga@gmail.com,1714009005,HR
Haryana,AKSHAR PHARMACEUTICALS (PNP),"145, MARKANDEY COMPLEXSENA NAGAR, DHULKOTAMBALA CITYAMBALACITY,AMBALA CITY,134003",akshar.monga@gmail.com,1714009005,HR
Haryana,AKSHAR PHARMACEUTICALS (PKL),"145, MARKANDEY COMPLEXSENA NAGAR, DHULKOT,AMBALA CITYAMBALACITY,AMBALA,134003",akshar.monga@gmail.com,1714009005,HR
Jammu and Kashmir,APEX SALES,"RAGHUNATHPURA,OPP. UNION BANK OF INDIA,JAMMU,JAMMU,180001",apexjammu@yahoo.com,9086587000,JK
Jharkhand,G P SALES RANCHI,"39 SHRADHNAND ROADRANCHIRANCHIJHARKHAND,RANCHI,834001",sidsinghania@gmail.com,919204229041,JH
Jharkhand,M/S S.R. PHARMA (O) RANCHI,"SHARDHANAND ROADRANCHI,RANCHI,834001",ashish.srpharma@gmail.com,0651-2203046,JH
Jharkhand,SUDHA ENTERPRISES (RANCHI),"LINE TANK ROADNR, FIRYALALRANCHI - 834 001JHARKHAND,RANCHI,834001",sudharanchi@yahoo.co.in,918092358388,JH
Jharkhand,APEX ENTERPRISES,"SHOP NO- 6 GROUND FLOORM R TOWER KUTCHERY RDPO PS KOTWALIRANCHIRANCHI,RANCHI,834001",apexenterprises0111@gmail.com,8969450001,JH
Jharkhand,NEW PATODI MARKETING,"SHRI MAHADEV COMPLEXP S KATWALI POST GPOSHARDHANANDRD,RANCHI,834001",newpatodimarketing2016@gmail.com,0651-2229929,JH
Karnataka,VAMAN PHARMA Pvt LTD DIRECT SUPPL,"No. 152/16, Ground & First Floor,Dorasanipalya, Bilekahalli Village,Begur Hobli,OffBannerghatta Road,Opp to IIM,Bangalore 560 076.,BANGALORE,560076",supply@vamanpharma.com,9342528866/8971324288,KA
Karnataka,VAMAN PHARMA Pvt... LTD BIJAPUR,"PLOT NO.SPL-9,1ST FLOORM.T SAGAR , INDUSTRAIL AREAGOKULROAD,HUBLI,580030",vamanpharmahub@gmail.com,0836-2337861/62,KA
Karnataka,VAMAN PHARMA Pvt... LTD HUBLI,"PLOT NO.SPL-9,1ST FLOORM.T SAGAR , INDUSTRAIL AREAGOKULRd..,HUBLI,580030",vamanpharmahub@gmail.com,0836-2337861/62,KA
Karnataka,SUPRABHAT PHARMACEUTICALS,"CST NO-1028 W.NO.4,CELLAR & GROUP FLOORAKKAMAHADEVIRdBANASHANKARI COMPLEX,,BIJAPUR,586101",suprabhatpharma@yahoo.co.in,SUDHIR 934224,KA
Karnataka,VIVA PHARMA,"PHARMACEUTICALS DISTRIBUTORSCTS NO 4094 1A 21 TO 6 SECOND Flr.BILGIPLAZA COLLEGE Rd.BELGAUM,BELGAUM,590002",harshainchal@gmail.com,0831-2423133,KA
Karnataka,BANGALORE SURGICALS,"NO 19,1ST FLOOREDWARD ROAD,VASANTH NAGARBANGALORE 560052512PRESTIGE CENTRE POINT,BANGALORE,560052",adminblr@bangaloresurgicals.com,080-22282444/222822245,KA
Karnataka,BANGALORE SURGICALS,"NO 19,1ST FLOOREDWARD ROAD,VASANTH NAGARBANGALORE 560052512PRESTIGE CENTRE POINT,BANGALORE,560052",adminblr@bangaloresurgicals.com,080-22282444/222822245,KA
Karnataka,Medi Zone Pharma,"No.9-55-8/1,I Flr 9th crossIII Main B0 Block,Subramanynagar,BANGALORE,560021",medizonepharma2016@gmail.com,080- 23371854,KA
Karnataka,ALARIC ENTERPRISES(MNG),"DOOR NO 1-S-24-2058/5-5 FIRST FLOORRENUKA KRUPAHOIGEBAILRdURWA,MANGALORE,575006",mangalore@alaric.in,0824-2451011,KA
Karnataka,Srinivasa Medisales Pvt Ltd (APOLLO,"No.40 ,Double Road,K.H. CircleBangalore-560027,BANGALORE,560027",contacts@srinivasamedisales.com,8041363333,KA
Karnataka,MEDIHAUXE HEALTHCARE PVT LTD APPOL,"NO: 38, 1st Floor, K.H. Circle,Opp. Lalbagh Gate, HosurRoad,BANGALOREBANGALORE- 560027,BANGALORE,560027",purchase@medihauxehealth.com,080-40007979,KA
Karnataka,DHANVANTHRI SPECIALITY PHRAMA PVT L,"NO 39/2, PART-A 1ST FLOOR,2ND CROSS,C.K.C GARDEN,MISSION ROADCROSS,BANGALORE,BANGALORE,560027",purchase.dp@yahoo.com,8660067616,KA
Karnataka,M/S Bharath Medical & General Agenc,"NO 1980,1st & 2nd Floor,26th cross, 9th Main Road,Banashankari 2nd stage,Bengaluru560070,BANGALORE,560070",bmga_rp@yahoo.com,9845340065,KA
Karnataka,Dhanvanthri Speciality Pharma,"No.39/2C.K.C. Garden1st Floor, 2nd MainMission Road Cross,Bangalore,560027",dp.bng2006@yahoo.com,080-41206583/22109450,KA
Karnataka,BHARATH MEDICAL AND GENERAL AGENCIE,"26TH CROSS, 9TH MAIN,BANGALORE-560070NO.1980, 1st AND 2NDFLOOR,BANASHANKARI 2ND STAGE,BANGALORE URBAN,,BANGALORE,560070",bmga_rp@yahoo.com,9845340065/26719300,KA
Karnataka,Mythri Pharmaceuticals,"No. 56, SS Arcade3rd Floor6th Cross, 8th Main RoadWilson Garden,Bangalore,560027",mythri.pharmaceuticals@gmail.com,080-22211833,KA
Karnataka,Vardhman Health Specialities,"199/5 (912)7th Main2nd BlockJayanagar,Bangalore,560011",jeethu@vardhmanhealth.com,080-40836666,KA
Karnataka,Medihauxe Healthcare Private Limite,"NO: 38, 1st FloorK.H. CircleOpp. Lalbagh Gate, Hosur Road,Bangalore,560027",admin@medihauxehealth.com,080-40007979,KA
Karnataka,Medi Zone Pharma,"No.9-55-8 1I Flr 9th crossIII Main B0 BlockSubramanynagar,BANGALORE,560021",medizonepharma2016@gmail.com,080-23371854,KA
Karnataka,"Medihauxe Healthcare, Apollo Bangal","NO: 38, 1st FloorK.H. CircleOpp. Lalbagh Gate, Hosur Road,Bangalore,560027",admin@medihauxehealth.com,080-40007979,KA
Karnataka,DIVISHA ARTHRITIS (VIJAY RAO),"500/A, 1ST 'G' CROSS, 8TH MAIN4TH BLOCK 3RD STAGEBASAVESHWARANAGAR,BANGALORE,560079",drvijaykrrao@gmail.com,9916770444,KA
Kerala,AVIGHNA ASSOCIATES TRIVANDRUM,"TC-25/2884 (7)VANCHIYOORAMBUJAVILASAM ROADPARVATHYMANDIRAM,TRIVANDRUM,695035",avighnacoc@gmail.com,,KL
Kerala,AVIGHNA ASSOCIATES MAVELIKKARA,"V 188 G 1ST FLOOR THRIKKAKARACOCHIN PUBLIC SCHOOLROADTHRIKKAKARACOCHINERNAKULAM,ERNAKULAM,682021",avighnacoc@gmail.com,,KL
Kerala,AVIGHNA ASSOCIATES ERNAKULAM,"V 188 G 1ST FLOOR THRIKKAKARACOCHIN PUBLIC SCHOOLROADTHRIKKAKARACOCHINERNAKULAM,ERNAKULAM,682021",avighnacoc@gmail.com,9747550880,KL
Kerala,AVIGHNA ASSOCIATES CANANNORE,"V 188 G 1ST FLOOR THRIKKAKARACOCHIN PUBLIC SCHOOLROADKANAYANNURTHRIKKAKARAERNAKULAM,ERNAKULAM,682021",avighnacoc@gmail.com,9895276724,KL
Kerala,AVIGHNA ASSOCIATES CALICUT,"UGRA ARCADE THALICHALAPPURACalicutCalicutCalicut,CALICUT,673002",avighnacoc@gmail.com,9747550880,KL
Kerala,KURIALACHERIL PHARMACEUTICALS,"XXVI/364NEAR TMM HOSPITALTHIRUVALLA (PATHANAMTHITTA)0469260720,THIRUVALLA,689101",jmjkurialacherilpharma@gmail.com,9387892944,KL
Kerala,SANTHOSH MEDICALS,"KATTUKULANGARA TOWERS,AMC XVII 873NEAR BOYS HIGHSCHOOLATTINGAL,ATTINGAL,695101",anilkumar_amy@yahoo.co.in,4702622723,KL
Kerala,BIOREX PHARMA DISTRIBUTORS,"9/556 A4,First FloorFalcon Tower,opp old Cini Theater,MaraduP.O,Kundannoor,Ernakulam,,ERNAKULAM,682304",biorexpharma@gmail.com,0484-2706727/ 2705552,KL
Kerala,ALFA AGENCIES,"18/11543-A7,Gr Floor,Opp Raqmnath HospMeyon BuildingJail Road,Calicut,673004",alfariyas@yahoo.co.in,9847142642,KL
Kerala,SRI ENTERPRISES,"1/115-2KEDARAMKOTTEKAD RdVIYYUR POTHRISSUR,THRISSUR,680010",,9920342669,KL
Kerala,ST.ANTONY'S MEDICAL DISTRIBUTORS,"Door No: 64/162 A1,64/162A2NEAR LISSIEHOSPITAL,ERNAKULAM,COCHIN,682018",stantonysmedicals@gmail.com,0484-2401804,KL
Kerala,Alfa Agencies,"18/1143 A7Meyon BuildingGround FloorOpp. Ramnath Hospital, JailRoad,Calicut,673004",alfariyas@yahoo.co.in,0495-2701899,KL
Kerala,Ideal Pharma Associates,"T C No. 1/1528Medical College P OPazhaya RoadOpp. TravancoreScan,Trivandrum,695011",idealpharmatvm@yahoo.in,0471-4012223,KL
Kerala,Rubicon Pharmaceuticals,"XI/24 ABSM ComplexPerumbaikkadu POMC Road, Sankranthi,Kottayam,686016",rubicon.pharmaceuticals@gmail.com,9846119560,KL
Kerala,AMRITA ENTERPRISES Pvt. Ltd,"AMRITA INSTITUTE OF MEDICAL SCIENCES AND RESEARCH CENTREAIMSCAMPUS, AIMS PONEKKARA POPEELIYADErnakulam,Ernakulam,682041",pharmapurchase@aims.amrita.edu,7034028837,KL
Kerala,GLOBAL AGENCIES,"35/908 A2, MARIA ARCADE,NORTH JANATHAROAD,PALARIVATTOMCOCHIN,COCHIN,682025",global_agenciescochin@asianetindia.com,98470-45354,KL
Kerala,ALFA AGENCIES,"18/1143 A7Meyon BuildingGround FloorOpp. Ramnath Hospital, JailRoad,Calicut,673004",alfariyas@yahoo.co.in,0495-2701899,KL
Madhya Pradesh,DUGGAD MEDICAL AGENCIES(UJN),"23, 24, 25, DAWA BAZAR,MADHAV CLUB ROAD,FREEGANJ,UJJAIN(M.P.),UJJAIN,456006",duggad1.manish@gmail.com,0734-2556416,MP
Madhya Pradesh,DHRUVI PHARMA PVT LTD (IND),"Shop No/Plot No.:Plot No. 160-161Pu 4,Sch No. 54,Ab Road,Indore,INDORE (MP),INDORE,452010",dhruviindore@gamil.com,0731-2577876 / 9303277446,MP
Madhya Pradesh,GOPI MEDICAL STORES(IND),"97, L G DAWA BAZARR N T MARGINDOREINDORE (M.P.),INDORE,452001",sunilkumarbhandari835@gmail.com,9226360694,MP
Madhya Pradesh,GOUD PHARMA DHAR,"18, SHIVAJI MARGDHAN MANDIDHARDHAR (M.P.),DHAR,454001",goudpharmadhar@gmail.com,07292-41118698260-69522,MP
Madhya Pradesh,JAIN MEDICAL AGENCIES(MND),"6-7, GANEDIWAL DHARMSHALAGANDHI CHAURAHAMANDSAURMANDSAUR(M.P.),MANDSAUR,458001",shibujain70@gmail.com,07422-222671,MP
Madhya Pradesh,KAVITA MEDICAL STORES(DWS),"249 M.G. RoadDEWASDEWASDEWAS (M.P.),DEWAS,455001",ashishjakhetia69@gmail.com,07272-230444,MP
Madhya Pradesh,KAMAL AGENCIES BHOPAL,"6/A, REHMAT MARKETNEAR GHORA NIKKASBUS STAND, BHOPALBHOPAL(M.P.),BHOPAL,462001",kamalagenciesbpl@yahoo.in,9893374031,MP
Madhya Pradesh,MEDICAL AND GENERAL TRADERS(JABALPU,"SHREEDHAR , 3 MEDICINE COMPLEXMODEL ROAD, NAPIERTOWNJABALPURJABALPUR (M.P.),JABALPUR,482002",mgtjbp11@gmail.com,0761-4003399 4066179,MP
Madhya Pradesh,PATHAK BROTHERS & COMPANY(BPL),"10 DAWA BAZARJ K BUILDING ,HAMIDIA ROAD, BHOPALBHOPAL(M.P.),BHOPAL,462001",pathakbrothers.2009@gmail.com,0755-4256040 4278402,MP
Madhya Pradesh,PORWAL MEDICAL(NEM),"1 VEER PARK ROADNEEMUCHNEEMUCHNEEMUCH (M.P.),NEEMUCH,458441",rporwal420@gamil.com,07423-223590,MP
Madhya Pradesh,RAJ MEDICAL AGENCIES (GWL),"HUZRAT ROAD,LASHKARGWALIORGWALIOR (M.P.),GWALIOR,474001",info@rajmedicalagencies.com,0751-2423958 2425755,MP
Madhya Pradesh,SHREE PORWAL MEDICAL AGENCIES (RTM),"99, COLLEGE ROADRATLAMRATLAMRATLAM (M.P.),RATLAM,457001",spma.rtm@yahoo.com,07412-231607,MP
Madhya Pradesh,SOBEG SINGH SAHNI & SONS(BETUL),"OPP. DR. LASHKARECIVIL LINEBETULBETUL (M.P.),BETUL,460001",sssahnibetul@gmail.com,07141-2307229425002620,MP
Madhya Pradesh,SINGHAL MEDICALS(SAG),"KATRA BAZARSAGARSAGARSAGAR (M.P.),SAGAR,470002",singhal.medi@gmail.com,07582-260425 409225,MP
Madhya Pradesh,ZEE PHARMA(UJN),"SHOP NO. 5-9, DAWA BAZAR,87, UNIVERSITY ROAD,UJJAINUJJAIN(M.P.),UJJAIN,456010",zeeglobal@gmail.com,25515825013582,MP
Madhya Pradesh,Disha Pharma,"G-8, F-35, Vardhman City PlazaDawa Bazar, Hamidiya Road,,BHOPAL,462001",dishapharma08@gmail.com,07554225757/9425193497,MP
Madhya Pradesh,VIRAJ PHARMA,"1ST FLOOR, JDA BUILDINGOPP. JDA OFFICE CIVIC CENTER,JABALPUR,482002",virajpharmajbp@rediffmail.com,0761-4005045/9713995045,MP
Madhya Pradesh,SHRI ANAND AGENCY,"SHOP NO. 16/2BHATT MOHALLABEHIND MOHAN BHAICOMPLEX,SHAJAPUR,465001",shreeanandagencies16@gmail.com,07364-22626907828-514544,MP
Madhya Pradesh,P P ENTERPRISES,"RNT MARGINDOREINDORE (M.P.),INDORE,452001",,,MP
Madhya Pradesh,Novacare Healthcare Solutions Pvt.,"Novacare Healthcare Solutions Pvt. Ltd. indore208 Scheme No 114 ISTBehind SBIDewasNaka BranchDewasNaka,Indore,452010",indore@novacare.in,0731-4959998,MP
Madhya Pradesh,SDH Specialty Drug house,"Specialty Drug HouseMetro Tower,Near mangal City MallVijay Nagar,INDORE,452010",,,MP
Madhya Pradesh,SDH Specialty Drug house,"P 9 P 10 Specialty Drug HouseMetro Tower,Near mangal City MallVijayNagar,INDORE,452010",,,MP
Madhya Pradesh,P.P.ENTERPRISES,"G-14, CHETAK CHAMBERS,,INDORE,452001",,0731-4274346,MP
Madhya Pradesh,"PROTECTION HEALTHCARE, INDORE","GROUND FLR, SHOP NO. 4 & 5,,INDORE,452001",,2704227-0731,MP
Madhya Pradesh,"PROTECTION HEALTHCARE, INDORE","GROUND FLR, SHOP NO. 4 & 5,,INDORE,452001",,2704227-0731,MP
Maharashtra,A.N. PHARMA,"G1/G2, KANTI EMPIRE,LAL GODOWN, COLLEGE ROAD,VASAI (W),THANE.LBT NO67 343 2011,VASAI (W),401202",subhas105@yahoo.in,9028088463,MH
Maharashtra,ATOR HEALTHCARE PVT. LTD.,"SONMUR APARTMENTS,DARUWALLA COMPOUND,S.V.ROAD,MALAD (W),MUMBAI,MALAD (W),400064",mahendra@ator.in,022-28662979 / 8,MH
Maharashtra,AAKANKSHA LOGISTICS PRIVATE LTD,"1ST FLOOR,C\O MANTRI HOSPITALSURVEY NO 69 15.B.T. KAWADEROADGHORPADIPUNE,PUNE,411036",alplpharma@gmail.com,9822007606,MH
Maharashtra,AJAY AGENCIES,"PATNI CHOWK,WASHIMWASHIM,WASHIM,444505",ajayagen@gmail.com,07252 - 234699 2,MH
Maharashtra,ANAND AGENCIES (CHQ),"C.S NO 3297/A/11A, ANAND NIWAS FIRSNEAR PANDURANG TALKIES JAMNERRDBHUSAWAL 425201,BHUSAWAL,425201",anandagnbsl@gmail.com,02582-225569/,MH
Maharashtra,ANIL MEDICAL STORES,"SHOP NO.01, HOUSE NO.3-10-53 CST NOGANDHI CHOWK, AURNGABAD.TALAURNGABAD DIST. AURANGABADPIN : 431 001,AURNGABAD,431001",anilmedical.sahuji@gmail.com,9890053040,MH
Maharashtra,"APTE AGENCIES, (CHQ)","729/3/4 CHATRAPATI COLONYKURDUWADI ROADBARSHIDISTSOLAPUR,BARSHI,413401",amit@apteagencies.com,02184-222543/ 90,MH
Maharashtra,APEX PHARMA,"HALL NO. 3 , 2 ND FLOORNAGAR PARISHAD COMPLEX,DATTACHOWK,YAWATMAL,YAVATMAL,445001",apx.pharma@rediffmail.com,07232-250317 25,MH
Maharashtra,BHARAT DISTRIBUTORS(CHQ),"MEDICINE MARKET18 A RADHAKISHAN WADIJILHA PETHJALGAON,JALGAON431 001,431001",bharat_distributors@yaho.com,9823022391,MH
Maharashtra,BHAGIRATH DISTRIBUTORS ( AURANGABAD,"SHOP NO 8/9/10, SURANA APTBARUDGARNALAAURANGPURAAURANGABAD,AURANGPURA,431001",distributorsbhagirath@gmail.com,0240-2339020,MH
Maharashtra,BORA AGENCIES (CHQ),"""""""AJAY BULDING""""""3340, BURUDLANEAHMEDNAGARMAHARASHTRA,AHMEDNAGAR,414001",boraanr@gmail.com,0241-2344082/942,MH
Maharashtra,BHAGIRATH AGENCY(CHQ),"SHOP NO 1 AND 2, WING NO 6,CHATRAPATI SHIVAJI MAHARAJ SANKUL,DAWABAZAR, JALNA,JALNA,431203",pradip.mantri19@gmail.com,02482-231470,MH
Maharashtra,BRAHMHGIRI ENTERPRISES (CHQ),"SHRIRAM CHHAYA,10 KAPSE LANEMALEGAONDIST NASIK,MALEGAON,423203",brahmagirient@gmail.com,02554-231056,MH
Maharashtra,BHARAT AGENCIES (LATUR)(CHQ),"SHOP NO 1 , H NO R 6/266MASJID ROAD, SALLE GALLI ROADBELOWSANGAMESHWAR HOSTELLATUR,LATUR,413512",bharatagencieslatur@gmail.com,2382248789,MH
Maharashtra,BALDAWA ENTERPRISES (CHQ),"SHOP NO F-7-12, 1ST FLOORDAMANI COMPLEX,DATTACHOWKSOLAPUR,SOLAPUR,413007",baldawa.enterprises@rediffmail.com,0217-2624074/262,MH
Maharashtra,BAFNA MEDICO,"S.NO 135, PLOT NO. 1,2,3 AND S.NO 136 PLOT NO.1GUNJALWADI, TALUKASANGAMNER,SANGAMNERDIST AHMADNAGAR,SANGAMNER,422605",bafnamedico@gmail.com,9011871111,MH
Maharashtra,BALAJI AGENCIES,"SHOP NO. 12,13,16 &17, DAWA BAZARPLOT NO. 9, SHRAWAGI PLOT,HOLICROSSCONVENT ROAD,AKOLA,AKOLA,444001",balajiagenciesakl@gmail.com,7242431429,MH
Maharashtra,C.T.DISTRIBUTORS,"OFFICE NO 1, GROUND FLOOR858/859, SADASHIV PETHNEAR DNYANPRABODHINIPUNE,PUNE,411030",c.t.distributors@gmail.com,020-24479685/244,MH
Maharashtra,CHANDAN PHARMACEUTTICAL (PUNE),"GR. FLOOR SHOP,SR.NO.32/1,PLOT NO.8BEHIND MEHENDALEGARAGEERANDAVANEKothrudPUNE,PUNE,411004",chandanpharmapune@gmail.com,8888850912,MH
Maharashtra,CHANDA AGENCIES,"12-13 , DAWA BAZARMAHAVIR PLAZARALLIESPLOTAMRAWATI,AMRAVATI,444601",agencieschanda@gmail.com,0721-26735522591,MH
Maharashtra,M/S CHOUDHARY & CO,"SHOP NO 9 / 10 / 11SANJIVANI SANKUL,GOLE COMPLEX,GOLECOLONY,X,NASHIK,422002",chaudhari.co@gmail.com,0253-2574287/231,MH
Maharashtra,DOSHI ABHAY KUMAR CHAGANALAL,"WHOLE SALE CHEMIST & DRUGGISTWARD NO. 6 GHAR NO.311STATION ROAD,P.B.NO 79, BARAMATIDIST PUNE,BARAMATI,413102",doshiajay1@yahoo.com,02112-224456/985,MH
Maharashtra,DWARAKA DISTRIBUTORS (CHQ),"SHOP NO. 1, H NO. 2-11-28/25 , PLOT NO. 117BEHIND MARATHWADAHOSPITALBROBAN AREA, VAZIRABAI, NANDEDX,NANDED,431601",dwarka.dist.nnd@gmail.com,9422172040,MH
Maharashtra,DHANWANTARI MEDICAL AGENCIES,"TPS 11, FINAL PLOT NO :253,OPPOSITE OF VARAD OFFSET,NR. R. R.VIDHYALAYAJALGAON,JALGAON,425001",dmajalgaon@gmail.com,9850193094,MH
Maharashtra,DAGDIYA DISTRUBUTORS,"PLOT NO. 74, SHEETNO.36 ,INFRONT OF COURT, CIVILLINESWASHIM,WASHIM,444505",dagdiyadistributor@gmail.com,07252-233023,MH
Maharashtra,DEEPALI DRUG DISTRIBUTORS,"HOUSE NO.412,GROUND & 1ST FLOOR,PLOT NO.5, KAMATGHAR,BABA RAMDEVMANDIR, KANERIBHIWANDI,BHIWANDI,421302",ddd.birla@gmail.com,2522255586,MH
Maharashtra,GANESH MEDICAL DISTRIBUTORS(CHQ),"MILKAT NO 1394 SHANTAI BUILDINGKEDGAON STATION, TAL DAUNDDISTPUNEX,KEDGAON,412203",g.m.d.kedgaon@gmail.com,98904-75021/9890,MH
Maharashtra,GREAT INDIA PHARMACEUTICALS,"SHOP NO 38 - 39, GROUND FLOOR,SR. NO 244A-2, 244A-3, 244-7CST NO 4533,DAWA BAZAAR,CHINCHAWAD STATION, CHINDCHAWAD,PIMPRI,411019",greatindiadistributors@gmail.com,020-27426343,MH
Maharashtra,GEETA MEDICAL AGENCIES,"SHOP NO 112,13,14MAHAVIR PLAZAAMRAWATI,AMRAVATI,444601",geetamedicals@gmail.com,9422957999,MH
Maharashtra,M/S GAJANAN ENTERPRISES,"HOUSE NO 2-10-274, GROUND FLOORSHOP NO-1, SAHYOG NAGAR,NEARGANAPATI MANDIR,TALUKA BEED,BEED,431122",enterprisesgajanan@gmail.com,9226935230,MH
Maharashtra,GOYAL AGENCIES,"GOYAL TALKIES SQUARE,KAMPTEEDIST NAGPUR,KAMPTEE,441002",goyalagencykpt@gmail.com,01709-288987,MH
Maharashtra,H V SHAH,"JUNA BAZARAHMEDNAGAR 414 001(VM ),AHMEDNAGAR,414001",vinayshaha.dr@gmail.com,9890927001,MH
Maharashtra,JANATA MEDICAL STORES,"PHARMACUITICAL DISTRIBUTORS""""""SWAPNAPURI"""" SANGRAMNAGAR""MALSHIRAJ ROAD AKLUJDIST SOLAPUR,AKLUJ,413101",janataakluj@gmail.com,02185-223824/942,MH
Maharashtra,J.JASWANTLAL & BROTHERS,"SHOP NO. 13,14,25,26,113,114,213SANDESH DAWA BAZAR, NEAR HAJHOUSEGANJIPETH, NAGPUR,NAGPUR,440002",jjaswantlal@gmail.com,9370151555,MH
Maharashtra,JAIN DISTRIBUTORS (WAI)(CHQ),"2410/A/5A/2 FLAT NO 41ST FLOORSONGIRWADI, WAIDIST SATARA,WAI,412803",jain.distributors@rediffmail.com,98223-4587702167,MH
Maharashtra,KAMAL DISTRIBUTORS Pvt LTD,"Office 1 & 2,on 1st & 2nd floor, PlPanvel Industrial Co OperativeEstate,PANVEL,410206",pratik@kamaldistributors.com,9870333255,MH
Maharashtra,KOTALWAR AGENCIES,"ARYA SAMAJ SHOPPING COMPLEXSHOP NO 1,2 NEAR GANDHI MARKETLATUR413 512,LATUR,413512",kotalwaragencies@gmail.com,9890049169,MH
Maharashtra,KUNDAN AGENCY,"SITARAM COMPLEXPUNE MUMBAI ROADCHINCHWAD STATION PUNE19(SSS),CHINCHWAD,411019",kundanag@gmail.com,9890023634,MH
Maharashtra,KARWA PHARMACEUTICALS (CHQ),"NEAR UDYOG TOWER,SIGNAL CAMPLATURLATUR,LATUR,413512",karwapharma@in.com,02382-249476-,MH
Maharashtra,KOTHARI AGENCIES,"PROP NO 928, SURVEY NO 109 ATEJAS PALACE, BHIGWAN ROAD,A/P JALOCHI,TAL BARAMATIDIST PUNE (SSS),BARAMATI,413102",kothari_nabhiraj@rediffmail.com,02112-223597,MH
Maharashtra,KANNU BROTHERS,"67-69, G.M.MARKETGANDHI BAGHNAGPUR,NAGPUR,440002",kannubrothers@gmail.com,0712-2763795,MH
Maharashtra,K. K. PHARMA,"SHOP NO 4 STORAGE NO 3,4BUSINESS POINT,PALIRAM RDANDHERIWESTMUMBAI,ANDHERI WEST,400058",kkpharma.andheri@gmail.com,9892869090,MH
Maharashtra,LAXMI ENTERPRISES,"F24 TO F27,ZOJWALA SHOPPING CENTRE,NEXT TO LOHANA MAHAJANWADI,AGRA ROAD, KALYAN (WEST)KDMC LBT TIN C 12000537,KALYAN,421301",laxmienterpriseskalyan@gmail.com,22078572200090,MH
Maharashtra,MAHESH PHARMACY,"Shop No 1 Ground Floor,Ghrushneshwar Housing Society,Property Number G0003385,4 8 38 47Gulmandi,AURANGABAD,431001",mr.maheshsoni@gmail.com,0240 - 2337156,MH
Maharashtra,MANISH AGENCIES,"Ratan, Shop No :- 1CST No 5451 Dalalwadi Main Road,Malmatta NO D0008084GroundFloor 1st Floor 2nd Flr,Aurangabad,431001",manishagencies1980@gmail.com,9890588511,MH
Maharashtra,SHREE MANJUSHREE PHARMA(CHQ),"PANDE CHOWK , 1ST FLOORC/O DIVYA RATNA BUILDINGBARSHI413401BARSHI,BARSHI,413401",shreemanjushreepharma@gmail.com,9730038395/94233,MH
Maharashtra,M/S N B VORA & SONS,"3/4 GROUND FLOORSHRAWGI PLOTDAWA BAZAR AKOLAAKOLA,AKOLA,444001",nbvora1933@gmail.com,0724-24376952435,MH
Maharashtra,METRO MEDICAL AGENCIES,"S. NO.62,63,64,65, 1 ST FLOORSANDESH DAWA BAZAR,NEAR HAJHOUSEGANJIPETH, NAGPUR,NAGPUR,440018",veerbhan.metro@gmail.com,0712-27704662776,MH
Maharashtra,MAHADEV AGENCIES (NASIK),"1/2 1ST FLOOR, GOLE COMPLEXGOLE COLONY,DAVABAZARNASIK,NASHIK,422002",mhdvagencies@gmail.com,0253-2577750,MH
Maharashtra,MANDAR DISTRIBUTORS,"16,VISANJI NAGAR,JALGAON 425001,JALGAON,425001",mandardistributors@gmail.com,0257-2220484/,MH
Maharashtra,MAHAVIR AGENCIES,"MEGHRAJ,SAHAOYOG NAGAR,D.P.ROAD,OPP. SARADA NAGARIBEEDBEED,BEED,431122",anandbothra24@gmail.com,02442-222012,MH
Maharashtra,MEHER DISTRIBUTORS PVT.LTD. (BYCULL,"MUSTAFA BAZAR124 VICTORIA ROADBYCULLA ( EAST ),Mumbai,400010",purchase@meherdistributors.com,2261312000,MH
Maharashtra,MEHER DISTRIBUTORS Pvt LTD C H,"MUSTAFA BAZAR124 VICTORIA ROADBYCULLA ( EAST ),Mumbai,400010",cipla@meherdistributors.com,2261312000,MH
Maharashtra,MEHER DISTRIBUTORS PVT LTD ( MW-NH,"(MUMBAI WESTERN), MAPCHEM127 / VICTORIA ROAD,MUSTAFA BAZAR,BYCULLA ( EAST )MUMBAI,BYCULLA,400010",cipla@meherdistributors.com,2261312000,MH
Maharashtra,MEHER DISTRIBUTORS PVT.LTD. ( TC-NH,"( THANE CENTRAL ), SATISH PHARMA127 / VICTORIA ROAD,MUSTAFA BAZAR,BYCULLA ( EAST )MUMBAI,BYCULLA,400010",cipla@meherdistributors.com,2261312000,MH
Maharashtra,NISHANT SALES & SERVICES (PCP),"1ST&2ND FLOOR, GOYANKA BUILDING,NASUL SHEET NO 64 HOUSE NO.6521PLOT. NO. 115, RATANLAL PLOT, AKOLA,AKOLA,444005",nishantpcp@gmail.com,0724-24264212426,MH
Maharashtra,NEETA AGENCIES,"SHOP NO.41B,41C,42,43,141B,SANDESH DAWA BAZAR,NEAR HAJHOUSEGANJIPETH, NAGPUR,NAGPUR,440002",neetangp2@gmail.com,9823260070,MH
Maharashtra,NAYAK AGENCIES,"4/7/8 AKASHDEEPOPP. RAM BHAVAN, STATION ROAD,BHAYANDER WESTTHANE DISTLBT NO.003/156/2010/11,BHAYANDER WEST,401101",naya_28@rediffmail.com,8196906/8190441,MH
Maharashtra,TRILOK ENTERPRISES,"C S NO 1250-G-2MAHALAXMI APARTMENT, DR CHATUPHALE MARGA/PSHRIRAMPURDIST AHMEDNAGAR,AHMEDNAGAR,413709",trilok_enterprises@rediffmail.com,02425-224784/221,MH
Maharashtra,S. PARIKH PHARMA,"Unit No 6, 1st floor,Dahisar (E)Vardhman Compound,Hitex Embrodary IndEstate,DAHISAR (E),400068",parikhpharma@gmail.com,9522-42460100,MH
Maharashtra,PRASANNA MEDICAL AND GENERAL STORES,"""""""VIJAYSHRI"""" NEAR BUS STAND""JAMKHED 413 201DISTAHMEDNAGAR(VM),AHMEDNAGAR,413201",prasanna.jamkhed@yahoo.in,,MH
Maharashtra,PIONEER DISTRIBUTORS,"133/1 DHANDEEP COMPLEXADJ TO DUBE NIVAS, BANK LANEPARALIVAIJANATHDIST BEED,PARALI VAIJANATH,431515",mailme.pioneer@rediffmail.com,9890685890,MH
Maharashtra,PRATAP MEDICAL STORES,"MAIN ROAD, AMGAON 441902DISTT. GONDIA,AMGAON,441902",pratapamgaon@gmail.com,07189-2542625201,MH
Maharashtra,POONAM ENTERPRISES (CHQ),"FIRST FLOOR, GADRE MANGAL KARYALAYSR.NO.622 13, PLOT NO.081TalMAHANAGAR PALIKA 1 TO 61 NASHIKGOLE COLONY, , NASHIK.,NASHIK,422001",sureshpatil2206@gmail.com,0253-312115,MH
Maharashtra,PUNIT MEDICAL STORES,"BL. NO. 254,255,256, 2 ND FLOORSANDESH DAWA BAZAR,GANJIPETH,NAGPUR,NAGPUR,440018",punitmedi.nag@gmail.com,0712-27675622765,MH
Maharashtra,PRABHAT MEDICAL STORES,"SHOP NO 1, FROM SOUTH, GROUND FLOOR + 1ST FLOOR,PR NO Z12017207 SNO 149, 5, 149, 6,TAJANE MALA, NEW NAGAR RDTAL SANGAMNER,",prabhatmedical@gmail.com,9850929302,MH
Maharashtra,PRAKASH MEDICAL CENTRE,"OPP PUNE RAILWAY STATION,NEXT TO HOTEL SAGARPUNEPUNE,PUNE,411001",girish007lunavat@rediffmail.com,020-26122264/9890680696,MH
Maharashtra,LAXMI MEDICAL (PUNE),"S/NO 29 RAMWADINAGAR ROADPUNEX,PUNE,411014",laxmimedical@gmail.com,9822072975/27034,MH
Maharashtra,RAJENDRA DISTRIBUTORS,"C S NO 11661/11662/11663/11664/11661ST 2ND 3RD FLR. NEAR OMKARHALLBEHIND S T STAND ,SANGLI,SANGLI,416416",rajendradistributor@gmail.com,0233-2331997/973,MH
Maharashtra,RAJA MEDICAL STORES,"BARRACK.NO.978, ROOM NO.4 & 5,OPP SNEAR POST OFFICE STATIONROAD,ULHASNAGAR, THANE DISTLBT NO 3 23 02 095 2012",rajamedicalstore@yahoo.com,0251-27111002711,MH
Maharashtra,RAM DISTRIBUTORS,"PROP. NO. 487, NAZUL SHEET NO. 5A PLOT NO. 2FIRST FLOOR, SUVARNACOMPLEX,WARD NO. 20, NEAR GANPATI MANDIR,,BULDHANA,443001",ramdistributorsbld@gmail.com,07262 - 246664,MH
Maharashtra,M/S RUDRAKSHA PHARMA,"Shop No :- 1, Ground Floor, 1st & 2nd FloorHem-Varsha Building,Survey No-622/6B,665/10 Ghar No-704/0480Near LIC Office, Goley Colony,NASHIK,422002",rudrakshpharma@gmail.com,2532316711982,MH
Maharashtra,RAJMANE MEDICAL STORES,"2/781,, DHOKI ROADKALAMBDISTRICT OSMANABAD(RS),KALAMB,413507",rms.rajmane@gmail.com,9422069948,MH
Maharashtra,SHREE AGENCIES,"GR FLOOR & FIRST FLOOR, GAT NO-88/6PLOT NO-10 11 , MILKAT NO-1034007142OLD MI NO- J0495, KHATRI PARKTALUKA",shreeagencies.baramati@gmail.com,9822294096,MH
Maharashtra,SWETA DISTRIBUTORS PVT LTD.,"B' WING HAMIRMAL TOWER, 1 ST FLOOR'OPP RAM BHAWAN, STATIONROAD,BHAYANDER (WEST),DIST THANELBT NO.0030060201011,BHAYANDER",shailesh@swetadistributors.com,28194738 / 39 /,MH
Maharashtra,SHAM DISTRIBUTORS,"'SHAM SADAN' 15, VISANJI NAGAR ,JALGAONXX,JALGAON,425001",shamdistributors@gmail.com,0257 - 222709,MH
Maharashtra,SHEETAL PHARMA (CHQ),"SHOP NO 1 JANKI PLAZAGOLE COLONYNASIKNASIK,NASHIK,422002",sheetalpharma@ymail.com,0253-576506/9822,MH
Maharashtra,SATARA DISTRIBUTORS (CHQ),"BASAPPA PETHRADHIKA ROADSATARASATARA,SATARA,415002",sataradistributors@gmail.com,02162-229433/229,MH
Maharashtra,SHAH BROTHERS (CHQ),"SHOP NO.38/39SIDDHESHWAR SHOPPING CENTRESHOLAPUR 413001(SG),SOLAPUR,413007",shahbrothers56@gmail.com,0217-2725576,MH
Maharashtra,SAHYADRI DISTRIBUTOR(CHQ),"SURVEY NO 220/4, PLOT NO 9NEAR JAIN STHANAK, SATANAROADMALEGAON423203,MALEGAON,423203",sureshbagadmlg@gmail.com,02554-253593/253,MH
Maharashtra,S.R.MEDICALS,"SHOP NO 14, JOSHI SANKOOLGOLE COLONYNASIKX,NASHIK,422002",mukeshdhage@rathi.com,9422770985,MH
Maharashtra,SHREE CHAITANYA AGENCIES(CHQ),"SWASTISHREE, PLOT NO 30OPP NIPPANIKAR PLYWOODKUPWADRD,MIRAJ,MIRAJ,416410",shreechaitanyagencies@gmail.com,0233-2212130/942,MH
Maharashtra,SANJAY PHARMA,"SHOP NO.39, 1ST & 2ND FLOOR,GULSHAN TOWERS,NEAR PANCHASHEELTALKIESAMRAVATI,AMRAVATI,444601",deshmukhpravin76@gmail.com,0721-25644602564,MH
Maharashtra,SANJAY DISTRIBUTORS,"5 TH LANE ,DHULE (RM) (S PATIL)X,DHULE,424001",sanjaydistributorsdhule@gmail.com,02562-235540,MH
Maharashtra,SHREE SAI MEDICAL AGENCIES,"BADA BAZAR,BHANDARA,BHANDARA,441904",shrisai_bhandara@rediffmail.com,07184 -251861,MH
Maharashtra,SURAJ AGENCIES,"1 ST FLOOR,ABOVE SHRI VYANKATESH MED. STORESNAGINA CHOWK,PUSAD,PUSAD,445204",dubewar_suraj@rediffmail.com,07233-2474662474,MH
Maharashtra,"SARASWATI MEDICAL AND GEN STORES,","ANAND NAGAR, PLOT NO 8SURVEY NO 220 4 COLLECTORZONESANGAMESHWAR,MALEGAON ( MUNGSA ),MALEGAON,423203",saraswatimlg1990@gmail.com,02554-251275/251,MH
Maharashtra,SOBTI BROTHERS,"SHOP NO. 54,55,56, 154,155,156SANDESH DAWA BAZAR, NEAR HAJHOUSE,GANJIPETH, NAGPUR,NAGPUR,440002",sobti.bro@gmail.com,0712-27761842762,MH
Maharashtra,SHREEJI SALES CORPORATION,"SHOP NO. 58, 158, 258, 259SANDESH DAWA BAZAR,GANJIPETHNAGPUR,NAGPUR,440002",shreeji.nagpur@gmail.com,0712-27680283299,MH
Maharashtra,SHREE MANOLAXMI AGENCIES,"SHOP NO 9 AND 10MEDICINE COMPLEXEKORI WARD NO1CHANDRAPUR,CHANDRAPUR,442402",shrimanolaxmiagencies@gmail.com,07172-2534942521,MH
Maharashtra,SANJIVAN MEDICAL AGENCIES,"11,SHRI PAVANSUT,DAVABAZAR,RAMNAGR,CHANDRAPUR,CHANDRAPUR,442402",kamalkishor.jajoo@gmail.com,9422136302,MH
Maharashtra,SHRI SAINATH MEDICALS,"BHAMATIPURA NEAR -NIRMAL BAKERY,CHINTAMANIBULDING,WARDHA,WARDHA,442001",shrisainathmedicalwardha@gmail.com,07152-253546,MH
Maharashtra,SHRI SWAMI SAMARTH AGENCIES,"GALA NO 3 , JANAKI PLAZAGOLE COLONYNASHIK,NASHIK,422002",ratnakarwani502@gmail.com,9371544000,MH
Maharashtra,SANJIVANI AGENCY (AHMEDNAGAR),"C S NO 3780 , FARAK NO 3587GALA NO 2 , MANIKCHOWKAHMEDNAGARAHMEDNAGAR,AHMEDNAGAR,414001",sanjivaniagency@gmail.com,9822258016,MH
Maharashtra,SHREEJI DISTRIBUTORS PHARMA PVT,"C-31/32, 2ND FLOOR, ROYAL INDL ESTACO-OP SOCIETY LTD,5B,NAIGAONCROSS ROAD,WADALA W CITY GREATER MUMBAI M",sdpl_2006@rediffmail.com,022-49212020,MH
Maharashtra,TAPADIA DISTRIBUTORS (PUNE),"SHOP NO 9 999 SADASHIV PETHNEAR BRAMHAN MANGALKARYALAYPUNEPUNE,PUNE,411030",narayan_tapadiya@yahoo.co.in,020-24478599/244,MH
Maharashtra,TAPADIA DISTRIBUTORS,"SHOP NO 9 999 (HOSP)SADASHIV PETHNEAR BRAMHAN MANGALKARYALAYAPUNE,PUNE,411030",a.tapadiya@gmail.com,9689927263,MH
Maharashtra,TRIMURTI SALES,"HOUSE NO. 310, PLOT NO. 52SHEET NO. 3 18, WARD NO. 41JOSHI MARKET,TOWER CHOWKAKOLA,AKOLA,444001",trimurtisalesakola@rediffmail.com,0724-2431515 243,MH
Maharashtra,TIRUPATI DISTRIBUTORS,"HOUSE NO. -378 (A) & 379 ( I) ,MITHABAI COMPLEX MUMBAI GOA ROADNEARRASOI HOTEL,PALASPE TAL PANVEL DIST RAIGAD,PALASPE,410221",tirupatidis@gmail.com,02143-220072 73,MH
Maharashtra,UNIQUE CORPORATION,"OPP MEIDCINE MARKETGURJKUNJ LANE NO 4DHULE,DHULE,424001",unique.corporation11042008@gmail.com,9423979686,MH
Maharashtra,VIJAY PHARMA,"A/101,1st Floor Devraj Premises Co_Goregaon-WestS.V.Road,TopiwalaMarg,,GOREGAON WEST,400062",vijaypharmasales@gmail.com,8721452/8722204,MH
Maharashtra,VENKATESH ENTERPRISES(CHQ),"H.NO :- 3-2-3753/1.Ground floor plus 2Shivnagar Colony Bidar Road.Taluka UdgirDistrict Latur.,UDGIR,413517",venkateshudgir@gmail.com,02385-256855,MH
Maharashtra,VIVEK MEDICAL STORES(CHQ),"OPP STATE BANK OF INDIA, GHAMODIA CDR LANE,NANDED431601,NANDED,431601",prashantdeshmukh3125@gmail.com,9421766182,MH
Maharashtra,D VIJAY PHARMA Pvt. LTD(CHQ),"Basement, Part :-B, Ground Floor,1st To 6th Floor, D. Vijay House,Sr. No 645/A/21/3 &645/A/22,Plot No 194 AND 197 Opp NDCC BankNashik Tal :- Mahanagar",ho@dvijaypharma.com,2577687/98220502,MH
Maharashtra,D VIJAY PHARMA LTD (NASIK ROAD),"1ST FLOOR K B N MARKETSUBHASH RDNASIK RDNASIK,NASHIK,422101",ho@dvijaypharma.com,0253-2463484/85/,MH
Maharashtra,VASANTLAL & BROS,"SHOP NO.18,19,20,21SANDESH DAWA BAZAR,NEAR HAJ HOUSEGANJIPETH ,NAGPURX,NAGPUR,440002",vasantlal.bros@gmail.com,9373103152,MH
Maharashtra,WELCOME DISTRIBUTORS,"HOUSE NO 1727 AMIN MANZIL1ST FLOOR, BAZAR PETHCHIPLUNDISTRATNAGIRI,CHIPLUN,415605",welcomedistributorschiplun@gmail.com,02355-261529,MH
Maharashtra,WATTAMWAR MED & GEN STORES (CHQ),"NARAYAN CHAWL CORNERPARBHANI431401,PARBHANI,431401",wmgpbn@gmail.com,9422876816,MH
Maharashtra,HUMA PHARMA& SURGICALS(CHQ),"104 , SOUTH SADAR BAZARSOLAPURSOLAPUR,SOLAPUR,413003",humapharma123@yahoo.in,0217-2315969/9960445558,MH
Maharashtra,VIPUL PHARMA,"HOUSE NO 112, WARD NO 28,SUVIDHA DIAGNOSTIC CENTER,DR,HEDGEWARMARG, BUS STAND RD .PARBHANI (M.S 431401 ),PARBHANI,431401",vipulpharmapsj@gmail.com,9422876846,MH
Maharashtra,WARAD DISTRIBUTORS,"SHOP NO 2, FIRST FLOOR,KHANDOBA GALLI , LATURWARAD HOSPITALBUILDINGHOUSE NO.R 4 102 1 A,LATUR,413512",waraddeepak@gmail.com,02382 -258455,MH
Maharashtra,MAHESH AGENCIES,"SHOP NO. 4, WING NO. 35,MEDI TRADE CENTRETELANGPURA,WARDHA,442401",maheshagencies98@gmail.com,07152-248451 942,MH
Maharashtra,SUGANCHAND MEDICAL STORE Agncy Dep,"SANDESH DAWA BAZAR, NEAR HAJ HOUSEBLOCK NO. 46,47 & 147,GROUND &1ST FLOOR,NAGPUR,440002",suganchandmedicalstores@gmail.com,0712 2765428/273,MH
Maharashtra,ROHIT ENTERPRISES,"Opp Bharat Natya Mandir,Ground floor, 1312, Shop-1,Antarang Apartments,SadashivPeth,,Pune,411030",rohitkarpe9@gmail.com,9822192558,MH
Maharashtra,SUKHKARTA DISTRIBUTORS,"Near S T Bus Stand,2233 28 Shivseva Mandal Complex,Shirur(Ghodnadi),,Shirur,412210",sukhakartashirur@gmail.com,9822270199,MH
Maharashtra,M M PHARMA,"shop no 3 & 4Shop no. 3 B, PRESTIGE CLASSIC,MUMBAI PUNEROAD,CHINCHWAD STATION,Pune,411019",mm.pharma@rediffmail.com,9823116736,MH
Maharashtra,MS GANDHI MEDICO,"DHANARAJ COMPLEX,HOUSE NO. 312,313,314, WARDNO.3MANCHAR,,Manchar,410503",santosh2285@gmail.com,9421005075,MH
Maharashtra,RAJ MEDICOS,"SHRI AGRASEN CHOWKKHAMGAONKHAMGAON,KHAMGAON,444303",ram.ailani@gmail.com,(07263) 254650/2,MH
Maharashtra,RAJA ENTERPRISES,"3138 JAMNALAL BAJAJ ROAD,DHULE,424001",rajadhule@gmail.com,02562 - 241847,MH
Maharashtra,ANIL AGENCIES,"FLAT NO. 3,DATTA CHOWKASHWAMEGH COMPLEX,YAVATMAL,445001",anilagytl@gmail.com,07232-240490,MH
Maharashtra,SUNNY PHARMA,"G-1, PLOT NO 14 CTS 529/A17OPP MAULI BLOOD BANKBEHIND PENDHARKARHOSPITAL,SATARA,415004",sph333@gmail.com,9850266000,MH
Maharashtra,M/S SAINATH AGENCIES,"SHOP NO F1,F2,F3, FIRST FLOOR,NEAR GILMANDI ROADNEAR AUSHADHIBHUVAN,,AURNGABAD,431001",sainathagenciesaurangabad@gmail.com,0240 -2306252,MH
Maharashtra,MS VENKATESH MEDICALS (BEED),"HOUSE NO 2-11-296, UNDER GROUND & UD. P. ROADBEHIND VAIDNATH BANK,,BEED,431122",venkateshbeed@gmail.com,02442 - 224153,MH
Maharashtra,M/S TIRUPATI AGENCIES,"C/O SHRI SAMARTH HOSPITAL, 1ST FLOOOMERGA,,OMERGA,413606",tirupatiagenciesomerga@gmail.com,02475-250761,MH
Maharashtra,MAHAVIR PHARMA DISTRIBUTORS,"82, 83, PATEL NAGAR, SATANA NAKASOYGAON,MALEGAON,423203",mahavir24pharma@gmail.com,02554-256346,MH
Maharashtra,MAKVIS,"SHOP NO. 10, 11, 43, 44APEEJAY COMMERCIAL COMPLEX,SECTOR NO. 17,PLOT NO. 87,VASHI,VASHI,400703",admin@makvis.in,21527893830,MH
Maharashtra,JAIPRAKASH MEDICAL AND GENERAL,"D.J ARKED , 1st FLOOR ,NEAR AMRUT CINEMA,,NANDURBAR,425412",jaiprakash.medicaltg@gmail.com,02564 -221980,MH
Maharashtra,R K ASSOCIATES,"SHOP NO. G-16 , PROP. NO. 349 TO 35YERAWAR CHOWKW.NO.40, MAA DURGADAWA BAZAR,,YAVATMAL,445001",rkassociates.ytl@gmail.com,72322466719822,MH
Maharashtra,A B PHARMA,"1ST FLOOR, A WING, SHREE SAI TOWER,BORIVALI ( WEST )SODAWALALANE,NEAR OM SAI HOSPITAL,,MUMBAI,400092",ab.pharmaceutical@gmail.com,022 2890 0154/28,MH
Maharashtra,JANATA AGENCY,"CS 853/2, 853/3, 851/2, 852/2BHAGAWAN MAHAVEER PATH,AKLUJ,413101",yogeshjanata@gmail.com,9422458224/02815-222824,MH
Maharashtra,BRIDGE MEDISALES Pvt. LTD.,"1065-A LEPROSY HOSPITAL ROADUDYAM NAGAR,RATNAGIRI,415612",bridgemedisales@gmail.com,9403080021,MH
Maharashtra,NANCY ENTERPRISES,"H.NO. 458, E WARDKARVEERSAHU ROADVIJAY APARTMENT, FIRSTFLOOR,KOLHAPUR,416001",nancy.enterprise@yahoo.in,9158882858,MH
Maharashtra,KUNAL MEDICAL AGENCIES,"MOTIKAMAL TOWERS, SHOP NO -1-4NEAR ST. STAND,SINNER,422103",kunal.medicalagn@gmail.com,09822610865/0255,MH
Maharashtra,SHRINIWAS AGENCIES,"RAILWAY STAION ROADSANMAN PRESTIGENEAR Z.P.BUILDINGSHOP NO.8 &9,,NANDED,431601",shriniwas.nanded@gmail.com,9423135965,MH
Maharashtra,DIPRA AND COMPANY,"C S NO 771 / 1B, 4TH FLOORE WARDSHAHUPURI, 5TH LANESHIVSHAKTIDISTRIBUTORS BUILDING,KOLHAPUR,416001",diprakop@gmail.com,9545555300,MH
Maharashtra,MS SUDHIR AGENCIES,"SHOP NO. 2 , H. NO 3842 ,R. P. RDBESIDE SHRI RAM MANDIR ,,Jalna,431203",sudhirmantri2010@gmail.com,2482237337,MH
Maharashtra,MANGALMURTI AGENCIES,"C.S.No. 1036 B, E Ward, Deccan House 1st floorRAJARAM ROAD, OPP PARVATITALKIES,KOLHAPUR,416008",mangalmurtiagencies@yahoo.in,9822355995/9049911199,MH
Maharashtra,SANTOSH MEDICAL STORES,"SHOP NO 1,2,4 & 5UDGIRNEW NAGARPALIKA COMPLEX NANDEDRD,UDGIR,413512",,9730037702,MH
Maharashtra,BHARTIYA AGENCIES,"SHOP. NO. 25, 1 ST FLOORAKOLACHEMIST SHOPPING COMPLEX,,AKOLA,444001",prashant.bhartiya123@gmail.com,0724-2414943 94,MH
Maharashtra,SAINATH AGENCIES PHARMA PVT LTD,"SHOP NO. 4,69, TARDEO ROADGIRNAR BUILDING,,MUMBAI,400034",sainathagencies13@gmail.com,022-23534646 / 23534647/ 23534,MH
Maharashtra,MILTON LIFECARE PVT LTD,"B-103, FIRST FLOOR,KALBADEVI ROAD30, JAMBHULWADI,RAMJI HOUSEPREMISES SOCIETY LTD,MUMBAI,400002",info@miltonlifecare.co.in,022 22062944/ 45,MH
Maharashtra,ROHIT MEDICO,"S NO 19 , H NO 963HADAPSARGONDHALE NAGARWHOLE GROUNDFLOOR,PUNE,411028",rohitmedico1111@gmail.com,9822089589,MH
Maharashtra,NIKITA AGENCIES,"PLOT NO. 7/C, GROUND FLOOR,BALAJI KRUPA, SECTOR -4,NAVIMUMBAI,SANPADA,400705",nikita_agencies1@yahoo.co.in,2227751695,MH
Maharashtra,Laxmi Agencies,"GR. FLOOR ,FIRST FLOOR ,SECOND FLOOR PRON. NO.4.1 76 77,PANDIRABAAURNGABAD,AURANGABAD,431001",,9372327615,MH
Maharashtra,SAI KRISHNA LIFESCIENCES,"GALA NO.305/306 MEWAD BLDG PATANWALA INDL ESTATELBSMARGGHATKOPAR ( WEST )OPP SHREYAS CINRMA,MUMBAI,400086",saikrishnalifesciences01@gmail.com,9819584067 / 075,MH
Maharashtra,VARDHAMAN DISTRIBUTORS,"CS NO 58/3, SHOP NO A-101/102, 01 & 02SUVASTU SANKUL, NEAR MAAHOSPITALBEHIND SHIVSHANKAR THEATRESHIVAJI NAGAR,MIRAJ,416410",lalit_vardhaman@yahoo.com,9890032119,MH
Maharashtra,ITWARI MEDICAL STORES,"SHOP NO. 51&151, SANDESH DAWA BAZARH NO. 193, WARD NO. 33,NEAR HAJHOUSE, GANJIPETH, C A RD,NAGPUR,440018",itwarims@gmail.com,0712-27625152768544,MH
Maharashtra,SANGRAM ENTERPRISES,"BASEMENT, APOLLO A TYPE BLDG,BAJI PRABHU DESHPANDE ROAD,VISHNUNAGAR,NAUPADA,THANE,THANE,400602",sangramjoshi@gmail.com,2225408561,MH
Maharashtra,HOSPICARE AGENCIES,"SHOP NO 1 , GROUND FLOOR , VATVRUKESH APT.,S R NO 20 1 PLOT NO 10VIDHATE NAGASHRI SHRI RAVI SHANKAR MARG,TAL. MAHANAGAR PALIKA",,9689884548,MH
Maharashtra,S PARIKH PHARMA,"Hitex Embrodary Ind Estate,MUMBAI,400068",parikhpharma@gmail.com,022-42460100,MH
Maharashtra,KATRUWAR DISTRIBUTORS,"Shop No - 1, House No - 53 & 53/1,Ward no 11, Station Road,TalukaParbhani,Parbhani,431401",,9923177487,MH
Maharashtra,MEHER DISTRIBUTORS PVT. LTD AP PUNE,"124/VICTORIA ROAD( PUNE APOLLO )MUSTAFA BAZARBYCULLA ( EAST),,BYCULLA,400010",cipla@meherdistributors.com,2261311035,MH
Maharashtra,SKITES PHARMA Pvt. LTD,"CABIN NO.9, MEHTA MAHAL,GROUND FLOOR15, MATHEW ROAD, OPERAHOUSE,GIRGAON,,MUMBAI,400004",skitespharma@sk1932.com,9619309010,MH
Maharashtra,ISHWAR AGENCIES,"SHOP NO. SFH/B, 2ND FLOOR , PROPERTY NO. 627 (3)WARD NO.23, MAHAVIRPLAZA ,DAWA BAZAR,RALLIES PLOTS,AMRAVATI,444601",med.ishwar@gmail.com,9326865689,MH
Maharashtra,PALOD DISTRIBUTORS,"PLOT NO. 173, RADHAKISHANWADI,JILHAPETH,TALUKAJALGAON,JALGAON,425001",,9890032427,MH
Maharashtra,HINDUSTAN AGENCIES,"SHOP NO.1 & 2 , WARD NO. 39, PLOT NO. 24/3SHEET NO. 38 B, NEAR SHROTRIHOSPITAL,DATTA CHOWK, YAVATMAL,YAVATMAL,445001",,,MH
Maharashtra,VIKAS MEDICAL STORES,"H. NO. 19/1, DESHBANDHU WARDGONDIA,GONDIA,441614",vmsgondia@gmail.com,7182231523,MH
Maharashtra,NOVACARE HEALTHCARE SOLN Pvt.LTD (M,"C-12A, C-12B, C-12C,Kantilal Maganlal EstaL.B.S. Rd,Bhandup(West),MUMBAI,400078",purchase.mum@novacare.in,022-40776433,MH
Maharashtra,NOVACARE HEALTHCARE SOLN Pvt.LTD (M,"C-12A, C-12B, C-12C,Kantilal Maganlal EstaL.B.S. Rd,Bhandup(West),MUMBAI,400078",purchase.mum@novacare.in,022-40776433,MH
Maharashtra,NOVACARE HEALTHCARE SOLN Pvt.LTD (M,"C-12A, C-12B, C-12C,Kantilal Maganlal EstaL.B.S. Rd,Bhandup(West),MUMBAI,400078",purchase.mum@novacare.in,022-40776433,MH
Maharashtra,NOVACARE HEALTHCARE SOLN Pvt.LTD (T,"C-12A, C-12B, C-12C,Kantilal Maganlal EstaL.B.S. Rd,Bhandup(West),MUMBAI,400078",purchase.mum@novacare.in,022-40776433,MH
Maharashtra,NOVACARE HEALTHCARE SOLN Pvt.LTD (T,"C-12A, C-12B, C-12C,Kantilal Maganlal EstaL.B.S. Rd,Bhandup(West),MUMBAI,400078",purchase.mum@novacare.in,022-40776433,MH
Maharashtra,NOVACARE HEALTHCARE SOLN Pvt.LTD (N,"C-12A, C-12B, C-12C,Kantilal Maganlal EstaL.B.S. Rd,Bhandup(West),MUMBAI,400078",purchase.mum@novacare.in,022-40776433,MH
Maharashtra,SUSHIL PHARMA LLP,"CS NOS 11142GROUND FLRRADHAKIRSHNA THEATREWARD NO 10MALMATTANO 102000592,ICHALKARANJI,416115",,,MH
Maharashtra,M/s.Kacholiya Medical Agencies,"Final Plot No 17, Shanti Mahadev Height,Shop No- 202 S NO. 622 1 622 A 1,GoleColony, Taluka Mahanagar Palika1 to 61 Nashik Z 1 District,Nashik,422011",kacholiya1008@gmail.com,2532574311,MH
Maharashtra,SHREE SAI ENTERPRISES,"SHOP NO 3 & 4, PLOT NO 61-62CHATURBHUJ CHSLSECTOR 21, KHARGHARNAVIMUMBAI,KHARGHAR,410210",shreesaienterprises@gmx.com,7718859901,MH
Maharashtra,M/S. Jalaram Agencies,"4 And 5, Chemist Bhawan,Opp People Co-Operative Bank Ltd,Gole Colony, TalukaMahanagar Palika1 To 61, Dist Nashik Z1,,Nashik,422002",jalaramagency2002@gmail.com,9970950482,MH
Maharashtra,AMBAJI DISTRIBUTION CENTRE,"PART A, 221, CRAFTS DE FLUORCSENTGOREGAON MULUND LINK RdOPP. L B SMARG,BHANDUP WESTMUMBAI - CENTRAL,MUMBAI,400078",ambajidistribution@gmail.com,022-25665454,MH
Maharashtra,ARIHANT CHEMIST LLP,"PLOT NO.22A, S NO 46/1B +2GROUND 1ST,2ND AND 3RD FLOORKAKA HALWAIINDUSTRIAL ESTATEPARVATIPUNE,Pune,411009",arihant.chemist@rediffmail.com,020-24433247,MH
Maharashtra,Shree Balaji Medicals,"Shop No 1, Ground Floor, 1 st Floor,PR No 1296, S. No3 183 15 2,Shivshakti Nagar,Sukewadi Road,Sukewadi Tal Sangamner, Dist Ahemednagar,Ahemednagar,422605",,8087645229,MH
Maharashtra,PANDHARPUR DRUG HOUSE,"ROOM NO 1 TO 5, H NO. 4529/3BFIRST FLOORSATWIKSAGARBUNGLOWSTATION ROAD, PANDHARPURPANDHARPUR,PANDHARPUR,413304",pdhpandharpur@gmail.com,9421064713,MH
Maharashtra,KUNDAN DISTRIBUTORS PVT LTD,"SHOP NO 1,2,3 & GR.FLOFFICE NO 1,2,3,4 & 1ST FL (MEZZANINE)1256, SuvidhyaApartmentNimbalkar Talim ChowkSADASHIV PETH, PUNE,PUNE,411030",info@kundandistributors.com,9763604055,MH
Maharashtra,MLC Health Specialities LLP,"234, 2nd Floor, Hubtown SolarisN S PhadkeOpp. Teli GaliAndheriEast,MUMBAI,400069",andheri@miltonlifecare.co.in,26823111,MH
Maharashtra,M/s. Indira Medical Agencies,"Shop No 1, 2 & 5In No 704016 56 57 & 60Safalya Apartment, Gole ColonyMahanagarPalika 1 to 61,Nashik,422002",indiramedicalagencies1976@gmail.com,9822024000,MH
Maharashtra,KUNDAN DISTRIBUTORS PVT LTD (ASU),"GR.FL.,PLOT NO.1,2,3,SR.NO.43/44/5,CTS NO.4009,PARVATI INDUSTRIALESTATEPUNE SATARA ROADPARVATI , PUNEPUNE,PUNE,411009",kundan.hosp.supply@gmail.com,9763604055,MH
Maharashtra,SIND MEDICAL STORES (NEW),"(AGENCIES DEPARTMENT)DESH BANDHU WARDBANKSTREETGONDIA,GONDIA,441601",golu.sind@gmail.com,7182665444,MH
Maharashtra,PRANIC HEALTHCARE DISTRIBUTORS,"SHOP NO.1 & 2 ,KALPATARU CLASSIC,CHAKRADHAR NAGARS.T.DEPOT RD,NALASOPARA ( W )DIST THANE,NALASOPARA ( W ),401203",pranicenterprisespalghar@gmail.com,9823257869,MH
Maharashtra,CHIRAG MEDILINES,"PLOT NO. 9, WARD NO. 5,JAIL WARD, DHANTOLI,NAGPUR,440012",medilineschirag@gmail.com,9325530422,MH
Maharashtra,M/s. Prasanna Medical & General Sto,"Gala No. 1 Ground Floor , Milkat No 457/2,Cts No.1287, Near Vithhal Mandir,MainRoad, At Post, Jamkhed,Taluka Jamkhed District Ahmednagar,,Ahmednagar,413201",vishalsh74@gmail.com,9420037963,MH
Maharashtra,Mehak Pharma,"Shop No 1 Ground flrPlot no 7 D,Trivedi niwas Sector 4oppSamata CHS,NaviMumbai,400705",,9820145332,MH
Maharashtra,"MILTON HEALTHCARE LLP, PUNE","SHOP NO: S/7. GIRIJA SHANKAR APARTM1075 1 1114 SADASHIVPETH,NIMBALKAR TALIM,Pune,411030",,2024461665,MH
Maharashtra,MILTON LIFE CARE PVT LTD (TRADE),"B/l03, RAMJI HOUSE PREMISES SOCIETYMUMBAIKALBADEYI ROAD1STFLOOR.30. JAMBHULWADI,MUMBAI,400002",,022-22062944,MH
Maharashtra,MLC Health Specialities LLP,"234, 2nd Floor, Hubtown SolarisN S PhadkeOpp. Teli GaliAndheriEast,MUMBAI,400069",,26823111,MH
Maharashtra,Prakash Medical Centre,"14, Cannought RoadOpp. Pune Railway Station,Pune,411001",,020-26122264/,MH
Maharashtra,Shree Surya Surgi Pharma Pvt Ltd,"G-23 A,Mumbai NakaSuyojit City Centre,Nashik,422001",,986004206499,MH
Maharashtra,Vardhman Health Specialities Pvt.,"3A,3B & 2C (PART I) TRUST HOUSEsecond and 3rd flr, 35 HOSPITAL AVENUEDR. EBORGES ROAD, PARELWadala West,Mumbai,400012",,9867867440,MH
Maharashtra,VARDHMAN HEALTH SPECIALITIES PVT.,"3A,3B & 2C (PART I) TRUST HOUSEsecond and 3rd flr, 35 HOSPITAL AVENUEDR. EBORGES ROAD, PARELWadala West,Mumbai,400012",,9867867440,MH
Odisha,BANSAL ENTERPRISERS,"OPP:UNION BANKMARWARIPARAJHARSUGUDA.,JHARSUGUDA,768201",mkbansal1999@gmail.com,06645-271023,OD
Odisha,OM SAI MEDICAL AGENCIES,"PLOT NO: 139DEULA SAHITULASIPUR,CUTTACK,753008",omsai.agencies2009@gmail.com,9861090930,OD
Odisha,CHANDUKA AGENCIES,"MANIK GHOSE BAZARTALA TELENGA BAZARPURIGHAT,CUTTACK,753009",rchanduka@gmail.com,6712308681,OD
Odisha,ADELINE PHARMA PVT LTD APOLLO,"ASHOK NAGARUNIT 2CAPITALBHUBANESWAR,BHUBANESWAR,751009",,0674-2951213,OD
Odisha,ADELINE PHARMA PVT LTD APOLLO,"ASHOK NAGARUNIT 2CAPITALBHUBANESWAR,BHUBANESWAR,751009",,0674-2951213,OD
Punjab,ARMAAN PHARMA DISTRIBUTORS,"PINDI STREET,LUDHIANA,LUDHIANA,141008",apd0161@rediffmail.com,0161-2726110 9815963631,PB
Punjab,KUL ENTERPRISES(RPR),"OLD PABHAT ROAD, OPP MODI KUNJ FLATSVILLAGEPABHARTZIRAKPUR,ZIRAKPUR,140603",kulenterprises1@gmail.com,9888041014,PB
Punjab,KUL ENTERPRISES(LDH),"OLD PABHAT ROAD, OPP MODI KUNJ FLATSVILLAGEPABHARTZIRAKPUR,ZIRAKPUR,140603",kulenterprises1@gmail.com,9888041014,PB
Punjab,KUL ENTERPRISES (PTL),"OLD PABHAT ROAD, OPP MODI KUNJ FLATSVILLAGEPABHARTZIRAKPUR,ZIRAKPUR,140603",kulenterprises1@gmail.com,9888041014,PB
Punjab,KUL ENTERPRISES (ASR),"OLD PABHAT ROAD, OPP MODI KUNJ FLATSVILLAGEPABHARTZIRAKPUR,ZIRAKPUR,140603",kulenterprises1@gmail.com,9888041014,PB
Punjab,MAN SINGH BHAGWAN SINGH,"PINDI STREETLUDHIANA,LUDHIANA,141008",manjitsingh1969@gmail.com,0161-2726096 9815200536,PB
Punjab,SHANKAR MEDICOS,"1-SHANKAR PALACEDILKUSHA MARKETJALANDHAR,JALANDHAR,144001",shankarmedico.gaurav@gmail.com,0181-4611959 9316461959,PB
Punjab,SWAMI MEDICAL HALL,"KATRA SHER SINGH,HALL BAZARAMRITSAR(PB),AMRITSAR,143006",swamimedicalhallamritsar@gmail.com,0183-5069915 9872066608,PB
Punjab,MITTAL MEDICOS,"WHOLESALE CHEMISTS & DRUGGISTSOPP. CIVILHOSPITALMOGA,MOGA,142001",mittalmedicos@yahoo.com,01636-221988 9914920088,PB
Punjab,PUNJAB SURGICAL & MEDICINE CENTRE,"PATIALA12 to 13 and 16 to17G T B MARKET T B HOSPITAL Rd,PATIALA,147001",punjab.surgical@yahoo.in,9855468600,PB
Punjab,SEHAJ ENTERPRISES,"SCF 31, 1ST FLOORBIBIWALA CHOWKBHARAT NAGAR SHOPPINGCOMPLEX,BATHINDA,151005",sehaj.bathinda@gmail.com,9815990010,PB
Punjab,KAVYA PHARMA,"BUILDING NO 1333/12-13KUCHA DAL KHANA KATRA SHERSINGH,AMRITSAR,143001",kavyapharmaasr1@gmail.com,0183-5050684,PB
Punjab,Garg Pharmaceuticals,"MCB-Z1-10430 Near Kesri DrycleanerGandhi MarketBathinda,Bathinda,151001",garg@gargpharma.com,0164-2235902,PB
Punjab,S M MEDICAL AGENCIES,"S C F 8 THE MALL GANDHI MARKETBATHINDA,BATHINDA,151001",smdist@rediffmail.com,9814870373,PB
Punjab,SANJIVANI MEDICOS,"SHOP NO.5,ESI ROAD,,LUDHIANA,141001",sanjivani.medicos@yahoo.com,161-2773745,PB
Punjab,KRISHNA & SONS,"G.T.ROAD,JALANDHAR,144001",krishnaandsons@yahoo.com,0181-2224586,PB
Punjab,KUL ENTERPRISES (CHANDIGARH),"OLD PABHAT ROAD, OPP MODI KUNJ FLATSVILLAGE:PABHARTZIRAKPUR,ZIRAKPUR,140105",kulenterprises1@gmail.com,9888041014/9888066662,PB
Punjab,SEHAJ ENTERPRISES,"S C FBharat NasarShopping ComplexFirst FlrBibi Wala Chowk,Chandigarh,151001",,9569690010,PB
Punjab,AVON MEDICOS,"E-block nr DMC & H1108/3 Tagore nagar,,Ludhiana,141001",info@avonmedicos.com,8288888212,PB
Punjab,AVON MEDICOS,"E-block nr DMC & H1108/3 Tagore nagar,,Ludhiana,141001",info@avonmedicos.com,8288888212,PB
Rajasthan,LAXMI PHARMA,"MEDICINE MARKET,OPP. M.G.HOSPITALJODHPUR,JODHPUR,342001",laxmipharma@yahoo.co.in,0291-2643881,RJ
Rajasthan,MODI DISTRIBUTORS,"20,PARHSAWANATH DAWA BAZAR,HAZARESHWARCOLONY,UDAIPUR,UDAIPUR,313001",modidistributors20@gmail.com,0294- 2411876,RJ
Rajasthan,"NAINANI MEDICO,","RAMPURA,KOTA,KOTA,324006",medico@nainanigroup.com,0744-2381346,RJ
Rajasthan,INDIAN DRUG DISTRIBUTORS,"128-129, SHRINATH PLAZAHOSPITAL RDUDAIPUR,UDAIPUR,313001",indian_drug@rediffmail.com,0294 - 2429036,RJ
Rajasthan,DHRUVI PHARMA PVT LTD.,"B-12 GROUND FLOOR & FIRST FLOORSUDERSHANPURA INDUSTRIAL AREA,22GODAM, JAIPUR,JAIPUR,302006",dhruvi_jpr@yahoo.co.in,0141-2225554,RJ
Rajasthan,M K DISTRIBUTORS,"LOKHANDWALA KUAN, DAWA BAZAR17, SHREEJI MANSION,ALWAR,301001",mukeshagarwalalwar@yahoo.com,9252760060,RJ
Rajasthan,AUSHADH DISTRIBUTORS,"A-06, FF-04, NEAR BIG BOSS STUDIO,GOVIND MAR, ADARSHNAGAR,JAIPUR,302001",aushadhdistributors15@gmail.com,9619806190,RJ
Rajasthan,RARUNA PHARMACEUTICALS,"OPP. RAJDAN MANSIONJALORI GATE,JODHPUR,342001",rarunapharmaceutical@gmail.com,0291-2615120/,RJ
Rajasthan,AUSHADH DISTRIBUTORS (JODHPUR),"SHOP NO. 2,H N.34MILKMAN COLONYITI ROAD,JODHPUR,342003",,9619806190,RJ
Rajasthan,AUSHADH DISTRIBUTORS (UDAIPUR),"A-06, FF-04, NEAR BIG BOSS STUDIO,GOVIND MAR, ADARSHNAGAR,JAIPUR,302001",aushadhdistributors15@gmail.com,9819072338,RJ
Rajasthan,ROYAL PHARMA,"OPP.J.K.LOAN HOSPITAL,J.L.N.MARG,,JAIPUR,302004",rohit_bawri@yahoo.com,0141-5274210,RJ
Rajasthan,AUSHADH DISTRIBUTORS,"A-06 ,FF-04ADARSH NAGARGOVIND MARG,NEAR BIG BOSSSTUDIO,,JAIPUR,302004",aushadhdistributors15@gmail.com,8947909823,RJ
Rajasthan,MEDIMITRA MEDICALS,"KHATIPURA ROAD,JAIPUR,302021",jaipurimmunology@hotmail.com,2355532,RJ
Rajasthan,BASANT MEDICINE CORNER,"H-7, JANPATHSHYAM NAGAR,JAIPUR,302019",,,RJ
Tamil Nadu,MEDPRO AGENCIES (MADURAI),"NO : 8 , HARVEY NAGAR,TECHNICAL SCHOOL WEST12 TH STREET,MADURAI,MADURAI,625016",medpromadurai@gmail.com,9841975530,TN
Tamil Nadu,MEDPRO AGENCIES PVT LTD,"NO.37-A2,G1,GROUND FLOORASHTHALAKSHMI NAGAR,2NDSTREETALAPAKKAMCHENNAI,CHENNAI,600116",medprochennai@gmail.com,044-42918206 / 9841139733,TN
Tamil Nadu,NAGAMMAI PHARMA DISTRIBUTORS,"NEW NO. 16, OLD NO. 239,THIRUVENKATASAMY ROAD (EAST)NEAR PONNAIHHOSPITAL,COIMBATORE,COIMBATORE,641001",kdsdaily@yahoo.com,9894988915,TN
Tamil Nadu,OMKAR MEDICAL DISTRIBUTORS PVT LTD,"NO 147 FIRST FLOOR, THIRUPATHI NAGAR , MAIN STREETTHIRUPATHINAGARVALASARAVAKKAMN,CHENNAI,600087",omkar.medical@gmai.com,044-30513555,TN
Tamil Nadu,SIVAGAMI MEDICAL,"364 WEST MAIN STREETTANJORE 613009.,TANJORE,613009",ctctn@yahoo.com,9443412456,TN
Tamil Nadu,OM SHAKTHI MEDI CENTRE,"OM SHAKTHI TOWERS,104&107ANNASALAI(NEAR LIC BUILDING)CHENNAI600002.,CHENNAI,600002",omsakthimedi@gmail.com,8554120/8548796,TN
Tamil Nadu,PALEPU PHARMA PVT LTD(TAMBARAM),"29A, 1ST FLOOR & 2ND FLOOR,AYYASWAMY STREETWESTTAMBARAM,CHENNAI,CHENNAI,600045",davey@palepugroup.com,9941355543,TN
Tamil Nadu,R.K.PHARMA DISTRIBUTORS,"NEW NO 825 (439/6)2ND FLOOR, PORTION 1E.V.R SALARPOONAMALLE HIGHROADARUMBAKKAM,AMINIJIKARAI,600106",rkpdistributors@gmail.com,42654569,TN
Tamil Nadu,SRI SELVAGANESH MEDICALS AGENCIES,"KALIMUTHU PILLAI LANE,DOOR NO.75, GROUND FLOOR,1ST Flr.. 2NDFlr..,DINDIGUL,624001",sgma1sgma@gmail.com,04512423876 99944 44380,TN
Tamil Nadu,SREE SAI ENTERPRISES,"Plot No: 29, 1st IInd & 3rf Floor, Amman Koil StreetVenuvampet,Chennai,600091",sree_sai_enterprises@yahoo.com,9940118877,TN
Tamil Nadu,MEDIHAUXE INTERNATIONAL PVT LTD,"RPY COMPLEX ,40/32, KARPAGAMBAL NAGAR(OPP.TOAMRUTANJAN),MYLAPORE,CHENNAI,600004",medihauxe@yahoo.in,044-249924929394,TN
Tamil Nadu,MEDILINE AGENCIES (COIMBATORE),"204/1, FIRST FLOOR, G.V. RESIDENCYNEAR FUN REPUBLICMALLSOWRIPALAYAM,COIMBATORE,641028",medilineagencies2017@gmail.com,830048159199,TN
Tamil Nadu,PALEPU PHARMA PVT.. LTD..,"6A, SIVAGANGAI MAIN RDMANAGIRIMADURAIMADURAI,MADURAI,625020",palepumdu@yahoo.in,4522586550,TN
Tamil Nadu,SELVARATHNA AGENCIES,"OLD NO 15/20 NEW NO 35OPPANAKARASTREETCOIMBATORE,COIMBATORE,641001",selvarathna.cbe@gmail.com,4224358686,TN
Tamil Nadu,AYYAPPA ACENCIES,"19E & 19F, FIRST FLOORNORTH CAR STREETNEXT TO HEAD POSTOFFICENAGERCOIL,NAGERCOIL,629001",nglayyappa@gmail.com,9787747103,TN
Tamil Nadu,GLOBAL LIFE CARE,"NO 3, Ground Floor, 7TH CROSS, 5THTRICY, TAMILNADUSHRINIVASA NAGAR,SOUTH VAYALUR ROAD,Trihcy,620017",globallifecare123@yahoo.com,0431-4030131,TN
Tamil Nadu,LIFECARE PHARMA PRIVATE LIMITED,"NEW NO:16, (OLD NO:.11) 8TH STREETGOPALAPURAM,CHENNAI,600086",,9840050518,TN
Tamil Nadu,KARSHIN PHARMA,"PLOT NO 1AV K P NAGAR 3RD CROSS STREETMADAKULAM MAINRdPALANGANATHAMMADURAI,MADURAI,625003",karshinpharma@gmail.com,9500927333,TN
Tamil Nadu,CHELLAS VIDANKAR PHARMA DISTRIBUTOR,"133-A, GROUND FLOOR, AZAD ROADOLD NAGAISALAIVIJAYAPURAMTIRUVARUR,TIRUVARUR,610001",chellasvidankar@gmail.com,7373089090,TN
Tamil Nadu,MEDIHAUXE INTERNATIONAL PVT LTD,"NO 40/32,KARPAGAMBAL NAGAR,NEAR NAGESWARA RAOPARKMYLAPORECHENNAI,CHENNAI,600004",venkatesh@medihauxelifesaving.com,24992495,TN
Tamil Nadu,Bio Square Life Sciences,"No. 3, Ground & First FloorVadapalani3rd StreetKumaran Colony,Chennai,600026",bio_square@yahoo.co.in,044-23624594 8220259911,TN
Tamil Nadu,CMC Vellore Association,"Christian Medical CollegePHARMACY SERVICES,Chandan Nagar,VELLORE,632004",pharmacypurchase@cmcvellore.ac.in,041-62282135,TN
Tamil Nadu,"Om Sakthi Medi Centre, Chennai","New No. 163, Old No 104 and 107,Omshakti Towers, AnnaSalaiChennai,Chennai,600002",omsakthimedi@gmail.com,4428606221,TN
Tamil Nadu,"GRS Life Care, Madurai","1st Floor, 159 G,Thalai Veethi 2 Cross Street,Aavin Nagar, Madurai,,Madurai,625020",grslifecare@gmail.com,9367526015,TN
Tamil Nadu,SRI MEENAKSHI BIOTEC,"NO 343 SP TOWERSSIVANANDAPURAM,COIMBATORE,641035",,,TN
Tamil Nadu,GRS LIFE CARE,"1st Floor, 159 G,Thalai Veethi 2 Cross Street,Aavin Nagar, Madurai,,Madurai,625020",grslifecare@gmail.com,9367526015,TN
Telangana,AKSHAYA MEDICAL & SURGICAL AGENCIES,"PLOT NO F-4/B/1GANDHI NAGAR IDAQUTHBULLAPUR MANDALMEDCHALMALKAJGIRI,HYDERABAD,500037",akshayamedicalagencies@gmail.com,8897058832/040-64565508,TS
Telangana,GAUDEV & CO,"2nd floor, punjaguttaD NO 6 3 668 9 6 OPP MODEL HOUSEMAIN ROAD,UDAYMEDICALSMCH CIRCLE 5 MANDAL,HYDERABAD,500082",gaudevcompany@yahoo.com,040-65916729/9963107800,TS
Telangana,PHARMA PLUS,"D.No. 1-8-229/10/4PRENDERGHAST RDPART OF FIRSTFLR,SECUNDERABAD,500003",Pharmaplus.dis@gmail.com,9930191705,TS
Telangana,Vasu Vaccines & Speciality Drugs Pv,"D.NO:3-6-516/1 , 2nd FloorVasu Pharma House Street No 6Himayath Nagar(V)Khairatabad(M),Hyderabad,500029",vasugroup_hnr@yahoo.co.in,9248060717/9248060730,TS
Telangana,GAUDEV & CO(Hosp),"D.NO. 6-3-668/9/6,OPP.MODEL HOUSE2nd floor, punjaguttaMAIN ROAD,UDAYMEDICALSMCH CIRCLE 5 MANDALHYDERABAD,HYDERABAD,500082",,,TS
Telangana,M/s. SVS Pharma (FMSPL),"plot no 317 sy no 11/14,11,/15,11,16Patrika Nagarsri swamy ayyappa co-operativehousingsociety,khanamet village, serillngammandal rande,Hyderabad,500081",purchase@svsfmp.com,9100102458,TS
Telangana,Novacare Healthcare Solutions Pvt.L,"H.No:- 6-1-190/25,Near NTR Statue,PadmaraoNagar,Secunderabad,Hyderabad,500025",hyd@novacare.in,4066770909,TS
Telangana,OLIVE HOSPITALS PRIVATE LIMITED,"(CENTRAL PHARMACY STORE)NANAL NAGARMAHDIPATNAMD NO : 12-2-718/3,4,5 05TH FLOORHYDERABAD,HYDERABAD,500024",santoshm@olivehospitals.com,9133946000,TS
Telangana,APOLLO HOSPITALS ENTERPRISE LTD,"SY NO.403JUBILEE HILLSAMEERPETAPOLLO HOSPITALSCOMPLEXHYDERABAD,HYDERABAD,500033",yuvaraj_ar@apollopharmacy.org,9980377553,TS
Telangana,MALLAREDDY NARAYANA MULTISPECIALITY,"HOSPITAL CENTRAL STORE (A UNIT OFD NO:1-1-216,SURARAM X ROADOFCHANDRAMMA EDUCATIONAL SOCIETY)JEEDIMETLA,HYDERABAD,500055",purchase@mrghospitals.org,8886289944,TS
Telangana,DIANSUCARE PHARMACY A UNIT OF DIANS,"PRIVATE LIMITED)  RAVI HOSPITALSROAD NO-1, KPHB COLONY NEAR GHMCPARKKUKATPALLY-KPHBD NO: 15-25-549, GROUND",dr.ravikumar@ravihospitals.com,9030144488,TS
Telangana,HYDERABAD INSTITUTE OF ONCOLOGY PVT,"LTD (CENTRAL MEDICAL STORE)SRI VENKATESWARA CO P HOUSINGBUILDINGSOCIETY ROAD NO-2D NO:8-2-293/82/L/276/ABANJARAHILLS,",pharmacy@omegahospitals.com,9100339990,TS
Telangana,SRI SRI HOLISTIC HOSPITAL A UNIT OF,"RAMACHANDRA HEALTH SERVICES PVT LTD)HYDER NAGARNIZAMPET ROAD1-2-49-13 B GROUNG FLOOR-2KUKATPALLI,MALKAJGIRI,500072",purchase2014srisriholistic@gmail.com,8886610110,TS
Telangana,Medihauxe Pharma Pvt. ltd,"BHATS SQUARE,7-1-397.102 7 ANEAR COMMUNITY HALLSANJEEV REDDYNAGAR,,Hyderabad,500038",medint96@gmail.com,04023715515/16/17/18,TS
Telangana,CENTRAL PHARMACY (KIMS HOSPITAL,"ENTERPRISES PRIVATE LIMITED)-KONDAPURKONDAPURSHERLINGAMPALLYSNO.55/EE, 06TH FLOORKONDPAUR,HYDERABAD,500084",kon.medipur@kimshospitals.com,040-44186568,TS
Telangana,REGSON HEALTH CARE,"MAYUR MARGBEGUMPETMARREDPALLY,HYDERABAD,500016",regsonhealthcare@gmail.com,8879640426,TS
Telangana,Medihauxe Pharma Pvt. ltd,"BHATS SQUARE,7-1-397.102 7 ANEAR COMMUNITY HALLSANJEEV REDDYNAGAR,,Hyderabad,500038",medint96@gmail.com,04023715515/16/17/18,TS
Telangana,Satya Distributors,"H. No. 8-3-169/3/EFlat # 5, Poojitha ApartmentBeside Community Hall, SiddarathaNagarS R Nagar,Hyderabad,500038",satya.distributors16@gmail.com,040-23704595,TS
Telangana,"Gaudev & Co, Hyderabad","Door No. 6-3-668/9/6, Uday Medicals2nd Floor, PunjaguttaHyderabad CentralZone,Hyderabad,500082",,,TS
Uttar Pradesh,D.N.ASSOCIATES,"SUGNAMAL MARKET,1ST FLOORSHOP NO.839, AMINABAD ,LUCKNOWLUCKNOW,LUCKNOW,226018",dnassociates.lko@gmail.com,9839063042,UP
Uttar Pradesh,MEDIWAYS VACCINE COMPANY (LOC),"41, 41A,GROUND & FIRST FLRRAMANUJ DAYAL NAI BASTIOPP MMGHOSPITALGHAZIABAD,GHAZIABAD,201001",nitin_mediways@yahoo.com,9891260300,UP
Uttar Pradesh,SHAKUN SALES PVT. LTD.(TRADE),"29-30, GOLE MARKET,MAHANAGAR,LUCKNOWLUCKNOW,LUCKNOW,226020",wholesale@shakunsales.com,2382494,UP
Uttar Pradesh,SHANTI HEALTH CARE AGENCY,"B 30/48 KAC.B PLAZAMADHAV MARKETLANKA,VARANASI,VARANASI,221005",shantihcag@gmail.com,2368597,UP
Uttar Pradesh,TALATI BROS,"59/32, BIRHANA ROADKANPURKANPUR,KANPUR,208001",talatibrothers@reddifmail.com,9415042016,UP
Uttar Pradesh,S S TRADERS,"B 82 GROUND FLOOR,NAGAR NIGAM H NO 0561SIDHARIPUR SURAJ KUNDCOLONYGORAKHPURPS KOTWALI,GORAKHPUR,273015",sstraders.gorakhpur@gmail.com,7607716688,UP
Uttar Pradesh,SHREE HARI ENTERPRISES,"VRINDAVAN YOJNARAI BAREILLY ROADAMBEDKARUNIVERSITYLUCKNOW,LUCKNOW,226025",shreeharienterprises81@gmail.com,9619514067,UP
Uttar Pradesh,NAVAANYA HEALTHCARE (ASU GZB),"SIHANI SADDIK NAGARINDRAPRASTH COLONYOPP UTTAMTOYATA,GHAZIABAD,201003",navaanyahealthcare@gmail.com,8810526032,UP
Uttar Pradesh,ARNOVA HEALTHCARE (LKN),"SECTOR MLDA COLONYASHIYANAKANUR ROADLUCKNOW,LUCKNOW,226012",arnovahealthcare@gmail.com,9920590070,UP
Uttar Pradesh,NAVAL MEDICALS,"SHOP NO 4 , MADHU PALACENEAR SGPGIMS,LUCKNOW,226014",naval.medical@gmail.com,9415953301,UP
Uttar Pradesh,ALBINO LIFESCIENCES PVT.LTD. LUCKNO,"Shalimar TowerTC 57, 2nd FlrV.Vibhuti KhandGomti Nagar,LUCKNOW,226010",lucknow@albino91.com,8800019190,UP
Uttarakhand,RUCHI MEDICAL PVT. LTD,"18 P.D TANDON MARGLAXMAN CHOWKDEHRADUN,DEHRADUN,248001",neeraj@ruchimedical.com,9634094090,UK
Uttarakhand,VISHAL MEDICO AGENCIES (CE),"KHANCHAND MARKET,HALDWANI 263 139,HALDWANI,262309",vishalmedicohld@gmail.com,9997907770,UK
West Bengal,Adeline Pharma Private Limited,"105, Mahatma Gandhi Road..,Kolkata,700104",adelinepharma2016@gmail.com,9831041904 9748472456,WB
West Bengal,Adeline Pharma pvt. Ltd (Apollo),"B1, Rishi Tech Park, Premises no. 02-3602nd flr, Plot no. DH.6.2, AA.1DNew town,Kolkata,KOLKATA,700156",adelinepharma2016@gmail.com,033-66120102,WB
West Bengal,FRIENDS SPECIALITY MEDICINE pvt. lt,"2ND FLOORPLOT XI 16BLOCK EP & GPSECTOR V , SALTLAKESECHBHAWAN,KOLKATA,700091",kolkata@fsmpl.co.in,8443902900,WB
